customer_id,cluster
3,2
4,1
5,2
7,0
8,0
9,1
10,3
11,3
12,2
14,1
15,1
16,2
18,0
19,2
20,3
22,1
24,1
25,2
26,3
27,2
28,2
29,2
30,1
31,0
33,2
34,2
35,3
36,4
37,3
38,2
39,3
40,3
41,1
42,2
44,1
46,1
47,2
48,2
49,4
50,3
52,0
53,2
54,0
55,4
56,2
57,2
59,2
60,4
61,1
62,4
63,1
64,2
66,1
69,1
70,0
71,1
72,1
73,0
74,1
75,0
76,2
77,1
78,4
79,3
80,2
81,2
82,2
83,0
84,3
85,2
86,3
87,3
89,1
90,0
91,2
92,2
94,1
95,0
97,2
100,2
102,0
103,1
105,4
106,0
107,3
108,2
109,1
110,2
111,1
112,2
113,2
114,2
115,0
116,0
117,3
119,1
120,1
121,2
122,3
123,4
124,1
125,1
126,3
127,3
128,0
129,1
130,2
131,2
132,2
134,2
135,2
136,2
137,1
138,2
139,1
141,1
142,3
144,0
145,0
146,1
147,3
148,1
149,4
152,2
154,0
157,2
158,2
159,2
160,1
161,3
162,2
163,1
165,4
166,3
168,2
170,0
171,2
172,1
173,2
174,2
176,2
179,2
180,3
182,2
184,0
185,3
186,4
187,0
188,1
189,1
191,2
192,2
193,1
195,2
196,2
197,1
198,2
199,2
200,3
201,3
202,2
203,2
204,3
205,1
206,2
207,3
208,3
210,2
211,3
212,2
213,2
214,2
215,3
216,2
217,2
218,2
219,0
220,3
221,4
225,2
226,1
229,4
231,4
232,2
233,0
235,2
236,0
238,2
240,0
241,2
242,2
243,1
244,2
245,2
248,2
249,2
250,1
251,2
254,2
256,3
257,3
258,1
259,2
260,0
261,4
262,2
263,0
264,1
265,2
266,2
270,1
272,3
274,3
276,2
278,3
279,2
280,3
282,2
283,2
284,2
285,1
286,4
287,2
288,0
290,2
292,2
293,2
295,2
296,2
297,1
298,2
299,3
300,0
301,3
303,1
304,2
305,2
306,2
307,1
308,2
310,3
311,1
312,2
313,2
315,2
317,1
321,2
322,3
323,2
324,1
325,4
326,4
328,2
329,1
330,2
331,0
336,2
337,0
338,0
339,3
340,3
341,2
342,3
343,2
344,4
346,2
347,3
350,2
351,2
352,2
353,4
355,2
356,1
358,1
360,2
361,3
362,2
363,0
364,1
365,1
366,1
367,2
368,2
369,2
370,2
371,3
372,3
373,3
375,4
376,2
377,2
378,2
379,4
381,2
382,2
383,4
384,2
385,2
386,2
387,2
389,1
390,0
391,4
392,2
393,1
394,2
395,2
396,0
397,2
398,0
399,1
400,1
401,2
402,2
403,1
405,3
406,3
407,2
408,0
410,3
411,2
412,0
413,4
414,3
416,1
417,1
418,3
419,1
420,1
421,2
422,3
424,1
425,1
426,0
427,2
428,3
429,3
431,4
432,1
434,2
435,4
436,2
437,3
438,3
440,2
441,1
442,2
443,2
445,0
446,2
447,2
448,2
449,2
450,3
451,4
452,3
453,0
455,3
456,1
457,1
460,1
461,3
462,1
464,1
465,0
467,1
469,4
470,0
471,2
472,0
473,4
474,3
475,1
476,3
477,3
479,2
480,1
481,0
482,2
484,3
485,2
486,2
487,2
488,4
489,3
490,3
491,2
492,2
494,2
495,2
496,1
497,4
498,2
499,2
501,2
502,2
503,4
504,4
505,3
506,2
508,3
509,0
510,2
511,2
513,0
514,3
515,1
516,0
517,1
518,2
520,4
521,2
522,2
523,4
524,2
526,1
527,2
528,2
529,2
530,2
531,4
532,2
533,2
534,3
535,1
536,1
537,4
538,2
539,2
540,2
541,2
542,3
543,2
545,2
547,1
548,2
549,1
550,2
551,2
552,2
553,4
554,2
556,0
557,2
558,3
559,2
561,2
562,3
563,2
565,2
566,1
568,0
569,1
570,3
571,4
573,3
574,2
575,2
576,4
577,2
578,2
579,3
580,3
581,2
582,4
583,2
584,2
585,2
586,1
587,0
588,2
589,0
590,2
591,3
592,2
593,2
594,2
595,4
596,3
597,2
598,0
603,2
604,2
605,2
606,2
609,4
611,1
613,0
614,2
615,2
617,2
618,2
619,2
621,0
622,2
623,1
624,2
625,2
626,2
627,3
628,3
629,1
631,2
632,2
633,1
634,0
635,1
636,1
637,2
638,0
639,4
640,2
641,1
642,1
643,2
644,1
645,2
646,2
647,2
648,0
650,2
653,2
654,4
655,2
656,4
657,2
658,3
659,2
660,1
662,4
663,2
664,2
665,2
666,2
667,2
668,1
669,1
670,2
671,2
673,0
674,1
675,1
676,1
677,2
678,1
679,2
680,2
681,2
682,1
685,1
686,2
687,2
688,2
689,2
691,2
692,0
694,3
695,3
696,2
697,4
699,2
700,2
701,2
703,0
704,1
705,0
707,1
708,1
709,1
710,1
712,2
713,2
714,2
715,2
717,3
718,2
719,1
721,2
722,2
723,2
725,1
726,2
727,2
728,4
729,2
730,2
731,2
732,1
733,1
734,2
735,3
736,3
737,2
738,2
739,2
741,1
742,2
743,2
744,1
745,3
746,0
747,2
748,2
749,1
752,2
753,1
754,3
755,3
757,3
758,2
759,2
760,1
761,2
762,2
763,2
764,2
765,1
766,0
767,2
768,1
769,2
770,1
771,2
772,1
773,1
776,3
777,1
779,1
780,2
781,1
782,2
783,2
785,2
787,0
788,2
789,2
791,0
792,1
793,2
794,2
795,1
797,2
798,4
799,2
800,4
803,2
804,1
805,2
806,0
808,2
809,0
810,2
811,3
812,3
813,2
814,2
815,2
816,2
817,4
818,4
819,2
820,2
821,2
822,2
823,1
824,3
826,1
827,2
830,1
831,3
832,2
833,0
834,3
835,2
836,1
837,1
838,2
839,1
840,2
842,2
843,2
844,2
845,2
846,2
847,2
848,4
849,4
851,1
852,4
853,3
854,1
855,0
856,0
857,1
859,1
860,2
862,3
863,1
864,2
865,1
866,1
867,2
868,1
870,2
873,2
874,0
875,4
876,1
878,1
879,1
880,1
881,4
883,1
884,1
886,3
887,2
889,2
890,2
891,1
893,2
894,2
896,2
897,3
898,2
899,2
900,2
901,2
902,3
903,3
904,3
905,3
906,2
907,1
908,4
909,1
910,1
911,3
913,3
914,3
916,3
917,2
918,2
919,0
920,2
921,2
922,3
923,3
924,1
925,1
926,2
927,2
928,2
929,2
930,2
931,1
933,0
934,3
935,0
936,2
937,0
938,4
939,0
940,1
941,1
942,0
944,1
945,2
946,2
947,4
948,2
950,3
951,2
953,2
954,1
955,2
956,2
957,4
958,2
960,0
962,1
963,1
964,3
965,2
966,2
967,0
968,1
969,2
970,2
973,2
974,1
975,1
977,0
978,2
979,0
980,2
981,2
982,0
983,1
986,2
989,4
990,2
991,0
992,4
993,2
994,3
996,2
997,1
998,2
999,4
1000,1
1001,1
1002,1
1003,4
1004,2
1007,1
1008,1
1009,1
1011,2
1014,2
1015,0
1016,3
1018,2
1019,1
1021,0
1022,2
1023,3
1024,1
1025,3
1026,0
1027,3
1028,0
1029,1
1030,3
1031,2
1032,2
1033,1
1034,2
1035,2
1038,2
1039,2
1040,4
1041,1
1042,3
1043,2
1044,2
1045,2
1046,3
1048,2
1049,2
1050,0
1051,1
1052,2
1055,0
1058,2
1060,3
1061,2
1063,2
1064,4
1065,0
1066,2
1067,1
1068,0
1069,2
1071,0
1072,0
1073,3
1074,4
1075,4
1076,4
1077,3
1078,1
1079,1
1080,1
1082,3
1083,3
1084,2
1085,2
1086,0
1087,2
1088,2
1089,4
1090,1
1091,2
1092,2
1093,1
1094,4
1095,3
1096,1
1097,4
1098,1
1099,0
1101,2
1103,0
1104,0
1105,4
1106,2
1108,3
1110,2
1111,2
1112,1
1113,2
1114,4
1115,0
1117,1
1118,2
1119,2
1120,3
1121,2
1122,0
1123,3
1124,1
1125,2
1126,2
1127,2
1128,2
1129,0
1130,2
1131,1
1132,3
1133,3
1134,1
1135,2
1136,1
1137,3
1138,2
1139,0
1140,0
1141,2
1142,2
1143,3
1145,3
1146,0
1150,4
1152,2
1153,4
1154,4
1155,1
1156,0
1157,1
1158,1
1159,1
1160,0
1163,3
1164,3
1167,4
1168,2
1170,3
1171,2
1172,4
1173,3
1175,1
1177,0
1178,2
1179,0
1180,1
1181,1
1182,3
1183,0
1184,4
1186,2
1187,3
1189,2
1190,3
1191,0
1193,4
1194,3
1196,1
1197,1
1199,2
1200,2
1201,3
1203,0
1205,2
1206,2
1207,3
1208,2
1209,4
1210,1
1211,3
1212,2
1213,2
1216,1
1217,1
1218,3
1219,2
1221,3
1222,2
1223,0
1224,4
1227,0
1228,1
1229,2
1230,4
1231,2
1233,2
1234,2
1235,1
1236,1
1237,1
1238,1
1239,3
1240,0
1241,2
1242,2
1243,1
1245,4
1246,2
1247,1
1249,2
1250,2
1251,2
1252,3
1253,0
1255,3
1256,2
1257,2
1258,2
1259,1
1261,4
1262,2
1263,2
1264,2
1265,2
1266,1
1268,3
1269,2
1271,2
1272,2
1273,1
1274,2
1275,3
1277,2
1278,2
1279,2
1280,1
1281,2
1282,0
1283,3
1284,1
1285,2
1286,3
1289,4
1290,2
1291,1
1292,1
1293,1
1294,0
1295,3
1296,3
1297,1
1298,2
1299,0
1300,2
1301,4
1302,2
1303,0
1304,0
1305,2
1306,2
1307,2
1310,4
1311,2
1312,3
1313,4
1314,1
1315,0
1316,2
1317,2
1318,2
1320,2
1321,2
1322,1
1323,1
1324,3
1326,3
1327,2
1328,2
1329,1
1330,2
1331,1
1332,2
1333,3
1334,2
1335,3
1336,4
1338,3
1339,0
1340,1
1341,4
1342,4
1343,2
1344,1
1345,2
1346,3
1347,4
1348,2
1349,1
1350,3
1351,1
1352,0
1353,4
1354,2
1355,2
1356,2
1357,2
1358,3
1359,2
1360,1
1361,2
1362,2
1363,3
1364,4
1365,3
1366,0
1367,2
1368,3
1370,2
1371,4
1373,2
1374,3
1376,1
1377,4
1378,2
1379,2
1380,2
1381,2
1383,2
1387,4
1388,2
1389,2
1390,1
1391,3
1392,1
1393,2
1394,1
1396,4
1397,1
1398,1
1399,2
1400,1
1401,1
1402,1
1403,3
1404,2
1405,1
1406,1
1407,0
1408,0
1409,0
1411,2
1412,3
1413,3
1414,2
1415,2
1416,3
1417,2
1418,4
1419,4
1420,4
1421,4
1422,4
1423,4
1424,2
1426,2
1427,2
1428,1
1429,4
1430,1
1431,2
1432,4
1433,2
1434,2
1435,1
1436,0
1437,3
1438,2
1439,3
1440,2
1441,2
1442,4
1443,3
1444,1
1447,2
1448,3
1450,3
1451,4
1452,1
1453,0
1454,3
1456,1
1460,2
1461,1
1462,2
1463,3
1465,3
1466,2
1467,4
1468,0
1469,3
1471,4
1472,2
1474,0
1475,0
1476,2
1477,4
1478,1
1479,4
1480,1
1481,2
1483,1
1484,2
1485,2
1486,2
1487,2
1488,1
1489,1
1490,0
1491,2
1492,3
1495,2
1496,2
1497,0
1498,1
1499,1
1500,3
1501,2
1502,2
1503,1
1504,2
1505,2
1506,3
1507,1
1510,2
1511,3
1512,1
1513,0
1514,2
1516,2
1517,2
1518,1
1519,1
1520,1
1522,2
1523,2
1524,2
1526,1
1527,4
1528,3
1529,4
1530,0
1531,2
1532,2
1533,1
1534,2
1535,2
1536,2
1537,4
1538,2
1539,4
1541,3
1542,4
1543,2
1544,4
1546,2
1547,4
1550,3
1551,2
1552,4
1553,4
1555,1
1556,0
1557,0
1558,4
1559,1
1560,1
1561,2
1562,2
1564,2
1565,1
1566,2
1568,1
1570,0
1571,2
1572,0
1575,2
1579,2
1580,1
1581,0
1583,1
1584,2
1585,1
1586,3
1587,1
1590,2
1591,3
1592,3
1593,0
1595,2
1596,4
1597,2
1598,1
1599,2
1600,4
1601,3
1602,2
1603,3
1604,1
1605,0
1606,2
1607,3
1608,3
1609,1
1610,4
1611,2
1612,4
1613,2
1614,4
1615,2
1616,2
1618,2
1619,2
1620,1
1621,1
1622,1
1623,2
1625,2
1626,2
1627,1
1628,2
1629,1
1631,4
1633,2
1635,0
1636,3
1637,2
1638,2
1639,2
1641,2
1642,1
1643,1
1644,2
1646,1
1647,0
1649,2
1650,2
1651,3
1652,4
1653,1
1655,2
1657,3
1658,2
1659,1
1660,3
1661,2
1662,2
1665,4
1666,2
1667,2
1668,2
1669,0
1670,3
1671,1
1672,1
1673,2
1674,2
1675,1
1676,1
1677,1
1678,2
1679,0
1681,3
1682,2
1683,2
1684,2
1685,2
1686,1
1687,1
1688,3
1689,3
1690,1
1691,2
1692,2
1693,0
1694,2
1695,2
1696,4
1698,3
1699,2
1700,1
1701,3
1702,0
1703,2
1704,1
1705,1
1707,0
1708,2
1709,2
1710,2
1711,2
1712,2
1714,2
1715,1
1716,4
1717,0
1718,2
1719,3
1720,2
1721,3
1722,1
1723,1
1724,1
1726,0
1727,1
1728,4
1729,1
1730,0
1731,2
1732,1
1733,2
1734,4
1735,2
1736,1
1737,4
1738,1
1739,2
1741,2
1742,1
1744,0
1746,2
1747,2
1749,2
1750,3
1751,4
1752,4
1753,1
1754,0
1755,4
1756,1
1757,1
1758,2
1759,1
1760,2
1761,1
1762,2
1763,2
1764,2
1765,2
1766,4
1767,1
1768,2
1769,0
1770,2
1771,2
1772,3
1773,2
1774,3
1775,3
1776,2
1778,3
1779,3
1780,1
1781,2
1782,2
1783,0
1784,3
1785,2
1786,2
1787,2
1788,2
1789,4
1790,4
1791,2
1792,2
1793,2
1794,3
1795,1
1796,2
1797,2
1798,0
1799,2
1800,3
1801,0
1803,1
1804,2
1805,2
1806,2
1807,4
1808,1
1809,2
1810,1
1811,2
1813,0
1814,4
1816,2
1818,2
1820,1
1821,2
1824,1
1825,2
1828,0
1829,2
1830,2
1831,1
1832,2
1833,2
1834,2
1835,0
1836,3
1837,1
1838,2
1839,1
1840,2
1841,2
1842,2
1844,2
1845,3
1846,2
1848,3
1849,0
1850,0
1851,2
1853,2
1854,2
1856,1
1857,3
1858,2
1859,3
1860,2
1861,2
1863,2
1864,2
1865,2
1866,4
1867,1
1869,0
1870,2
1871,3
1872,2
1874,1
1876,0
1877,4
1878,1
1880,2
1881,2
1882,3
1883,4
1884,4
1886,1
1887,2
1888,2
1889,1
1890,2
1891,1
1892,2
1893,1
1896,0
1897,2
1898,2
1899,0
1900,0
1901,0
1903,1
1904,1
1905,2
1906,3
1908,0
1909,3
1910,3
1911,0
1912,2
1914,2
1915,2
1917,2
1918,3
1920,3
1922,0
1923,2
1924,3
1925,3
1926,0
1927,1
1928,3
1929,2
1930,4
1931,1
1932,1
1933,4
1936,1
1939,0
1940,2
1941,0
1942,2
1943,4
1944,1
1945,2
1946,4
1948,4
1949,1
1950,2
1951,0
1952,1
1953,2
1954,0
1955,4
1956,2
1957,1
1958,2
1959,4
1962,1
1963,3
1964,4
1965,3
1967,3
1969,1
1970,2
1971,1
1972,2
1973,2
1974,2
1975,4
1976,2
1977,3
1979,3
1980,1
1981,1
1982,2
1983,2
1984,4
1985,2
1986,1
1987,1
1990,2
1991,2
1992,2
1993,2
1994,2
1995,1
1996,2
1998,0
1999,1
2000,2
2001,0
2002,2
2004,1
2005,0
2006,2
2007,4
2008,2
2009,1
2010,0
2011,0
2012,0
2013,2
2014,2
2015,4
2016,1
2017,0
2018,2
2019,3
2020,1
2021,2
2022,0
2023,2
2024,2
2025,4
2026,2
2027,1
2028,2
2029,4
2030,2
2031,4
2032,1
2033,2
2034,0
2035,1
2037,1
2038,2
2039,1
2040,2
2041,2
2042,2
2043,4
2044,1
2045,0
2046,1
2047,2
2048,4
2049,2
2051,2
2052,1
2053,0
2055,2
2056,3
2058,1
2059,1
2061,1
2062,2
2063,3
2064,2
2065,0
2066,2
2067,2
2068,4
2069,3
2070,2
2071,2
2072,1
2075,1
2076,1
2077,2
2078,2
2081,1
2082,2
2083,3
2084,2
2085,1
2086,2
2087,4
2089,3
2090,3
2091,1
2093,2
2094,1
2095,2
2098,4
2099,2
2100,2
2101,0
2102,1
2103,2
2104,2
2105,0
2107,2
2108,1
2109,4
2110,2
2111,2
2112,3
2113,4
2114,2
2116,0
2117,1
2118,2
2119,2
2120,1
2121,1
2123,2
2124,1
2125,1
2126,3
2127,2
2128,1
2129,1
2130,2
2132,3
2133,0
2134,0
2135,0
2137,1
2138,3
2139,0
2140,2
2141,3
2142,2
2143,0
2144,0
2146,3
2148,2
2149,3
2150,4
2151,2
2154,1
2155,4
2156,2
2157,4
2158,1
2159,3
2160,0
2161,4
2162,2
2163,1
2164,2
2165,1
2166,2
2167,2
2168,1
2169,2
2170,3
2171,2
2172,4
2173,2
2174,1
2175,1
2176,2
2177,1
2178,3
2179,1
2181,3
2182,1
2185,2
2186,2
2187,1
2188,1
2189,1
2190,2
2191,4
2192,1
2193,2
2195,2
2196,0
2197,2
2199,2
2200,3
2202,3
2203,3
2204,2
2205,1
2206,2
2207,3
2209,1
2210,2
2212,1
2213,3
2214,1
2215,1
2216,2
2217,1
2218,2
2219,3
2222,0
2223,1
2224,1
2225,3
2226,1
2227,0
2228,0
2231,2
2232,2
2233,1
2234,2
2236,2
2237,3
2238,2
2239,0
2240,2
2242,1
2243,1
2244,2
2246,2
2247,3
2248,2
2249,1
2250,1
2251,1
2252,4
2253,1
2254,0
2255,1
2256,2
2257,4
2259,1
2261,2
2262,3
2263,2
2265,2
2266,1
2267,3
2268,0
2269,3
2271,1
2272,3
2273,2
2274,3
2275,0
2276,4
2277,3
2278,2
2279,0
2280,2
2281,4
2285,4
2286,1
2288,2
2289,2
2290,1
2291,3
2292,3
2293,2
2294,0
2295,3
2296,3
2297,2
2299,2
2302,3
2303,0
2304,4
2305,1
2306,1
2307,2
2309,2
2310,4
2311,0
2312,3
2313,2
2314,0
2315,1
2316,2
2317,3
2318,2
2319,2
2320,1
2321,0
2323,1
2325,2
2326,1
2327,2
2328,0
2329,1
2330,2
2331,0
2332,0
2333,1
2334,4
2336,2
2337,0
2338,0
2339,2
2340,2
2341,0
2342,0
2343,2
2344,3
2345,2
2346,2
2347,2
2348,1
2349,2
2351,3
2352,3
2353,2
2354,0
2355,2
2356,4
2357,3
2358,2
2359,2
2360,4
2361,1
2363,2
2364,1
2365,3
2366,2
2367,2
2368,0
2369,2
2370,3
2372,2
2373,2
2376,2
2377,2
2378,2
2379,1
2380,2
2381,3
2382,2
2384,2
2385,0
2386,1
2387,1
2388,2
2389,0
2390,3
2392,3
2393,2
2394,0
2395,2
2397,2
2398,1
2399,1
2401,0
2402,2
2403,2
2404,2
2405,0
2406,1
2407,3
2408,2
2409,2
2410,2
2411,2
2412,3
2413,0
2414,1
2415,3
2416,2
2417,2
2418,1
2419,2
2420,2
2421,1
2422,2
2423,3
2424,0
2425,2
2426,4
2427,2
2428,2
2431,0
2432,2
2433,1
2435,2
2437,1
2438,2
2439,2
2441,1
2442,3
2443,2
2445,2
2446,2
2447,2
2448,2
2451,2
2452,2
2453,2
2456,3
2457,1
2458,1
2459,1
2462,2
2463,2
2464,1
2465,2
2466,4
2467,1
2468,0
2469,2
2470,1
2471,1
2472,4
2473,2
2474,2
2475,4
2476,1
2478,4
2479,1
2480,3
2481,3
2482,2
2483,2
2484,4
2485,2
2486,3
2487,4
2488,2
2490,2
2491,2
2492,2
2494,4
2495,1
2496,1
2498,0
2499,4
2500,1
2501,2
2502,3
2503,1
2504,2
2505,0
2506,2
2507,2
2508,0
2509,1
2511,1
2512,1
2513,3
2514,2
2515,1
2517,2
2518,2
2520,3
2521,2
2522,2
2524,1
2525,1
2526,3
2528,4
2529,1
2530,3
2531,2
2533,0
2534,1
2536,2
2538,1
2541,2
2542,4
2543,3
2544,3
2545,1
2546,2
2547,3
2548,2
2549,2
2550,2
2552,2
2553,1
2554,1
2555,3
2556,1
2557,1
2558,3
2559,3
2560,3
2561,1
2562,2
2564,2
2565,1
2566,2
2567,0
2569,2
2570,2
2572,2
2573,2
2575,0
2576,0
2577,2
2580,1
2581,2
2582,1
2583,0
2584,2
2586,3
2587,2
2588,2
2589,1
2590,4
2591,2
2592,0
2593,2
2594,1
2596,3
2597,2
2598,0
2599,2
2600,3
2601,2
2602,1
2603,3
2604,4
2605,3
2606,1
2607,3
2608,3
2610,2
2611,2
2612,2
2613,0
2614,2
2615,0
2616,2
2617,2
2618,4
2619,2
2621,3
2622,3
2624,1
2625,2
2626,2
2627,1
2628,0
2629,2
2630,2
2631,2
2632,0
2633,1
2634,0
2635,1
2636,3
2637,3
2638,1
2639,2
2640,2
2641,1
2642,1
2643,2
2644,2
2645,2
2646,3
2647,2
2648,2
2649,1
2650,3
2651,4
2652,2
2653,2
2654,2
2655,2
2656,3
2657,1
2658,2
2659,2
2660,0
2661,1
2662,0
2663,2
2664,2
2665,4
2667,2
2668,1
2669,1
2670,0
2671,3
2672,2
2674,1
2675,2
2676,4
2677,2
2678,2
2680,0
2681,3
2682,3
2683,2
2684,1
2685,2
2686,0
2690,3
2692,2
2693,1
2694,2
2695,2
2696,1
2697,2
2698,4
2699,1
2700,0
2701,2
2702,2
2703,2
2704,2
2705,2
2706,4
2707,2
2708,3
2709,1
2710,3
2711,2
2712,2
2713,0
2715,3
2716,2
2717,2
2718,3
2719,3
2720,1
2721,1
2722,0
2723,1
2724,0
2725,1
2727,2
2728,2
2729,2
2730,2
2732,0
2733,2
2734,1
2735,3
2736,4
2737,2
2738,4
2739,0
2740,2
2741,1
2742,1
2743,2
2745,2
2746,1
2747,2
2750,1
2751,2
2752,1
2754,2
2756,1
2757,1
2759,3
2760,3
2761,1
2762,3
2764,2
2766,2
2768,2
2769,2
2770,2
2771,2
2772,0
2774,1
2775,3
2777,3
2778,1
2779,2
2780,3
2782,2
2784,4
2786,4
2787,1
2788,1
2789,0
2790,2
2792,3
2793,1
2794,4
2796,0
2797,1
2798,2
2799,2
2800,3
2801,1
2802,2
2803,1
2804,0
2806,1
2807,2
2808,4
2809,1
2810,1
2811,2
2812,2
2813,3
2814,2
2815,2
2818,1
2819,3
2820,2
2821,4
2822,3
2823,3
2824,2
2826,3
2827,2
2828,3
2829,2
2830,2
2832,1
2833,0
2834,1
2835,1
2836,1
2837,2
2838,1
2840,1
2841,3
2842,1
2843,2
2844,4
2846,3
2847,2
2848,0
2849,2
2850,2
2851,2
2852,2
2853,1
2854,4
2855,0
2856,0
2858,1
2860,1
2861,1
2863,3
2864,1
2865,2
2866,2
2867,3
2869,2
2870,1
2874,1
2875,2
2877,1
2878,1
2879,1
2880,0
2881,3
2882,1
2883,0
2884,3
2885,2
2886,2
2887,3
2888,2
2890,4
2892,2
2893,2
2894,3
2896,1
2897,1
2899,3
2900,2
2901,2
2902,1
2903,2
2904,1
2905,3
2906,2
2907,2
2908,0
2909,2
2910,3
2911,3
2912,2
2913,2
2914,2
2916,2
2917,3
2918,1
2919,0
2920,0
2921,2
2922,2
2923,1
2925,1
2926,1
2927,0
2929,2
2930,2
2932,3
2933,2
2934,1
2935,1
2936,1
2938,2
2939,2
2940,1
2942,2
2943,2
2944,3
2945,3
2946,1
2947,3
2948,2
2949,3
2951,2
2952,0
2953,3
2954,1
2955,3
2956,2
2957,0
2958,1
2959,1
2960,4
2961,2
2962,3
2963,0
2965,2
2966,3
2967,3
2969,3
2972,3
2974,3
2975,3
2976,3
2977,2
2978,4
2980,3
2981,2
2982,2
2984,1
2985,2
2986,2
2987,2
2988,0
2989,3
2991,2
2992,2
2993,4
2994,2
2995,2
2996,1
2997,1
2998,2
2999,3
3000,4
3001,3
3002,2
3003,2
3004,3
3005,1
3007,2
3008,1
3009,2
3010,1
3011,4
3012,2
3013,1
3015,2
3017,2
3019,0
3020,2
3021,1
3024,2
3025,1
3026,3
3028,2
3029,2
3030,4
3031,0
3032,1
3033,1
3034,1
3035,2
3036,2
3037,4
3038,3
3039,2
3040,1
3041,2
3042,2
3043,3
3044,3
3045,1
3046,2
3048,1
3049,1
3050,2
3051,0
3052,3
3053,2
3054,3
3055,2
3056,4
3057,4
3058,0
3059,2
3060,3
3061,3
3062,1
3063,0
3064,2
3065,1
3066,0
3067,1
3068,1
3069,2
3070,2
3071,1
3072,0
3073,2
3074,2
3075,0
3076,3
3079,2
3080,2
3081,4
3082,4
3083,2
3084,2
3085,2
3086,4
3087,1
3088,2
3089,2
3090,3
3091,3
3092,2
3093,2
3094,2
3095,3
3096,1
3097,2
3098,1
3099,3
3100,2
3101,2
3105,3
3106,1
3107,4
3110,3
3112,2
3113,4
3114,2
3115,1
3116,1
3117,1
3118,0
3119,0
3120,2
3121,3
3122,2
3123,2
3124,3
3125,0
3126,2
3128,1
3129,4
3130,2
3131,1
3132,1
3133,2
3135,2
3136,3
3138,1
3139,3
3140,2
3142,0
3143,2
3146,2
3147,3
3149,1
3150,2
3151,4
3154,2
3155,2
3156,1
3157,3
3158,0
3159,2
3160,2
3161,2
3162,2
3163,1
3164,0
3165,0
3167,0
3168,1
3169,4
3170,1
3171,1
3172,4
3173,2
3175,2
3176,2
3177,2
3178,0
3179,1
3180,4
3183,2
3184,4
3185,1
3186,2
3187,2
3188,2
3189,2
3190,3
3191,2
3192,2
3193,2
3194,1
3196,1
3197,2
3198,2
3199,4
3200,2
3201,4
3202,1
3204,2
3205,2
3206,1
3207,2
3209,2
3211,2
3213,1
3214,3
3215,2
3216,2
3217,0
3219,0
3220,1
3221,0
3223,1
3224,4
3225,2
3226,2
3227,2
3230,2
3231,3
3232,0
3234,1
3235,1
3236,3
3237,1
3238,0
3239,1
3240,3
3241,2
3242,1
3243,2
3244,4
3245,1
3246,2
3247,2
3248,1
3249,2
3250,1
3251,4
3252,2
3253,0
3255,1
3256,2
3258,3
3259,2
3260,2
3262,2
3263,2
3264,0
3265,4
3266,3
3267,3
3269,2
3270,0
3271,1
3272,2
3273,1
3274,3
3275,1
3276,1
3278,1
3279,1
3280,3
3282,2
3283,0
3285,3
3286,2
3287,2
3288,2
3289,2
3291,2
3293,4
3294,2
3295,2
3296,2
3297,4
3298,2
3299,2
3300,3
3301,1
3303,3
3304,3
3306,0
3307,2
3309,1
3310,0
3311,2
3312,2
3314,2
3315,2
3316,2
3317,2
3319,1
3320,2
3321,0
3322,1
3323,3
3324,4
3325,2
3326,0
3327,0
3328,2
3329,4
3330,1
3332,4
3333,3
3334,3
3335,2
3336,1
3337,0
3338,4
3339,3
3340,4
3341,0
3342,1
3343,2
3344,2
3345,2
3346,4
3347,2
3348,2
3349,2
3350,0
3352,3
3353,3
3354,2
3356,2
3357,2
3358,2
3359,1
3360,3
3361,2
3362,1
3363,2
3364,2
3365,2
3366,3
3367,2
3369,0
3370,1
3371,1
3372,2
3374,4
3376,3
3377,2
3378,2
3379,3
3381,2
3382,0
3383,1
3384,4
3387,4
3388,3
3389,3
3390,2
3391,2
3392,1
3393,2
3395,2
3396,4
3397,2
3398,1
3399,3
3400,4
3401,1
3402,1
3403,2
3404,2
3405,0
3406,2
3407,2
3408,1
3410,3
3411,1
3412,3
3413,2
3414,1
3415,2
3416,4
3418,2
3419,3
3421,4
3422,3
3423,3
3425,0
3426,2
3427,2
3428,0
3430,2
3431,2
3432,3
3433,2
3434,1
3435,0
3437,1
3438,4
3440,2
3441,2
3442,3
3443,1
3444,2
3445,2
3446,2
3447,2
3448,1
3449,2
3451,1
3452,1
3453,2
3454,3
3455,1
3456,0
3458,0
3459,3
3460,1
3461,3
3463,3
3464,3
3465,2
3466,2
3467,2
3468,4
3469,2
3470,2
3471,2
3472,3
3473,2
3474,2
3475,2
3476,2
3477,2
3478,4
3479,2
3481,2
3482,3
3483,2
3484,2
3485,1
3486,3
3488,1
3489,1
3490,2
3491,2
3492,3
3493,2
3494,3
3495,3
3496,1
3497,2
3498,2
3501,0
3502,2
3504,3
3505,2
3507,2
3508,2
3509,2
3511,2
3513,1
3514,2
3515,2
3516,1
3517,2
3518,4
3519,3
3520,1
3521,2
3522,2
3523,0
3524,4
3525,0
3526,2
3527,0
3528,4
3529,1
3530,2
3532,2
3533,2
3534,2
3535,2
3536,1
3537,0
3538,2
3539,1
3540,0
3541,2
3542,2
3543,1
3544,1
3546,2
3547,1
3548,2
3550,1
3551,3
3552,2
3553,3
3554,2
3555,0
3556,2
3557,2
3558,2
3560,2
3561,3
3562,2
3564,3
3565,2
3566,4
3567,1
3568,2
3569,1
3570,4
3571,0
3572,2
3573,1
3574,2
3575,0
3576,1
3578,2
3579,3
3580,4
3581,0
3582,2
3584,2
3585,2
3586,2
3587,1
3588,4
3589,4
3591,2
3593,1
3594,4
3595,3
3596,0
3597,0
3598,1
3599,2
3600,2
3601,3
3602,2
3603,2
3604,1
3605,2
3607,2
3608,3
3610,2
3611,2
3612,2
3615,2
3616,2
3617,1
3618,0
3619,3
3620,2
3621,2
3622,2
3623,2
3624,2
3625,2
3626,2
3627,2
3628,0
3629,2
3631,3
3633,3
3635,4
3639,1
3640,4
3641,0
3642,2
3643,2
3644,2
3645,0
3646,0
3647,3
3648,2
3649,1
3650,4
3652,3
3653,1
3654,3
3655,2
3656,0
3657,2
3658,2
3660,3
3661,2
3662,1
3664,2
3665,1
3666,1
3667,2
3668,2
3669,3
3670,2
3671,1
3672,3
3674,1
3675,1
3676,1
3677,2
3679,1
3680,2
3681,0
3682,3
3684,2
3689,3
3690,1
3691,4
3692,2
3693,4
3694,2
3695,2
3696,1
3697,4
3699,2
3701,3
3703,0
3704,0
3705,0
3707,1
3708,2
3710,3
3712,1
3713,2
3714,2
3715,2
3716,1
3717,2
3718,2
3719,2
3720,3
3721,2
3722,2
3723,2
3726,2
3728,2
3729,0
3732,0
3733,2
3734,0
3735,2
3736,0
3737,2
3738,2
3739,3
3740,2
3742,3
3743,1
3745,2
3747,1
3748,2
3749,3
3751,4
3752,2
3753,1
3754,3
3757,2
3758,4
3760,3
3761,2
3762,2
3763,4
3765,2
3766,2
3770,3
3771,1
3772,3
3773,1
3774,2
3775,0
3776,2
3777,2
3778,4
3779,4
3780,1
3781,4
3782,0
3783,4
3785,1
3786,2
3789,2
3790,0
3791,3
3792,0
3793,3
3795,1
3796,1
3797,2
3798,2
3799,2
3800,2
3801,2
3802,2
3803,3
3805,3
3806,1
3807,1
3808,4
3809,1
3810,2
3811,1
3812,2
3813,1
3814,1
3815,3
3816,2
3817,2
3818,3
3819,3
3821,2
3822,3
3823,0
3824,2
3825,1
3828,2
3830,2
3831,0
3832,2
3833,4
3834,2
3835,2
3836,3
3837,4
3838,0
3839,2
3840,2
3841,2
3842,1
3843,2
3844,0
3845,0
3846,1
3847,3
3848,1
3849,0
3850,2
3851,2
3852,1
3855,1
3856,2
3858,2
3859,2
3860,1
3861,0
3862,4
3863,1
3864,2
3865,1
3866,2
3867,2
3868,0
3869,2
3870,1
3872,2
3873,1
3874,2
3875,2
3876,2
3877,0
3878,2
3879,3
3881,2
3882,4
3883,2
3884,1
3887,3
3889,1
3892,2
3893,1
3894,2
3895,3
3896,2
3897,2
3899,2
3900,2
3901,2
3902,1
3903,3
3904,1
3905,3
3907,2
3908,2
3910,1
3912,2
3913,0
3914,3
3916,2
3917,3
3918,2
3919,2
3920,0
3921,3
3922,3
3925,4
3926,1
3927,0
3932,2
3933,4
3934,4
3936,3
3937,2
3938,2
3940,1
3942,3
3943,2
3944,2
3946,1
3947,3
3948,1
3949,2
3950,1
3951,1
3952,1
3953,2
3954,2
3955,2
3956,2
3957,1
3958,2
3960,4
3963,2
3964,2
3965,4
3967,0
3970,1
3971,2
3972,3
3973,1
3974,3
3976,0
3977,1
3978,2
3979,0
3980,0
3981,1
3982,1
3985,0
3986,2
3987,2
3988,0
3989,3
3990,4
3991,0
3992,2
3993,3
3994,1
3995,1
3996,3
3997,3
3998,1
3999,4
4000,2
4002,3
4003,1
4004,2
4005,1
4007,1
4008,1
4009,1
4010,2
4011,2
4013,2
4014,1
4015,2
4016,1
4017,3
4018,2
4019,2
4020,3
4021,2
4022,4
4023,1
4024,2
4025,0
4026,2
4027,2
4028,2
4029,2
4030,1
4031,0
4035,4
4036,2
4037,4
4038,2
4039,4
4041,1
4042,2
4043,1
4044,1
4045,3
4046,2
4047,2
4048,1
4049,2
4050,1
4051,1
4052,3
4054,2
4055,3
4056,2
4057,1
4058,3
4059,2
4060,3
4061,1
4062,2
4063,1
4064,2
4065,2
4066,3
4068,1
4069,4
4070,2
4071,3
4072,4
4073,4
4074,3
4075,2
4076,3
4077,1
4079,2
4080,1
4081,2
4082,3
4083,1
4085,4
4086,3
4087,4
4088,1
4089,3
4090,1
4091,1
4092,1
4093,1
4095,2
4096,2
4097,2
4098,2
4099,4
4100,2
4101,2
4102,0
4103,1
4104,4
4106,1
4108,2
4109,2
4110,2
4111,3
4112,3
4113,3
4114,2
4115,3
4116,2
4117,3
4118,2
4119,3
4121,4
4122,2
4123,4
4126,0
4127,2
4128,2
4129,0
4130,2
4132,2
4133,3
4134,3
4136,1
4137,1
4138,2
4140,2
4141,1
4142,0
4143,4
4144,2
4145,3
4146,1
4148,2
4149,2
4150,3
4151,2
4152,0
4153,0
4154,2
4155,2
4156,1
4157,3
4158,2
4160,1
4161,3
4162,3
4163,4
4164,1
4165,2
4166,4
4167,1
4168,3
4169,0
4170,2
4171,2
4173,4
4174,2
4176,2
4177,0
4179,0
4180,2
4181,3
4182,2
4183,4
4185,1
4186,2
4187,0
4188,3
4189,0
4190,1
4193,2
4194,3
4195,1
4197,2
4198,4
4199,2
4202,3
4204,2
4205,1
4206,1
4207,2
4208,0
4209,3
4210,2
4211,1
4212,3
4213,3
4214,1
4215,1
4217,2
4218,2
4221,3
4222,0
4223,2
4224,1
4225,1
4226,3
4227,2
4228,2
4229,2
4230,0
4233,2
4234,0
4235,2
4237,0
4238,1
4239,1
4241,0
4242,2
4244,1
4245,1
4246,4
4247,2
4249,3
4250,1
4251,3
4253,2
4254,0
4255,2
4256,2
4257,1
4258,2
4259,2
4260,0
4261,3
4264,2
4265,4
4267,2
4268,4
4269,2
4270,1
4271,1
4272,2
4273,2
4274,2
4275,3
4276,2
4277,1
4278,2
4281,2
4282,2
4283,0
4284,1
4285,2
4286,2
4287,2
4288,2
4289,2
4290,1
4291,0
4292,1
4293,0
4295,1
4297,2
4298,4
4299,4
4300,2
4301,3
4302,2
4303,4
4304,3
4305,2
4307,2
4308,2
4309,1
4311,1
4312,1
4313,3
4314,1
4315,3
4316,2
4318,3
4319,3
4320,2
4321,0
4322,0
4323,0
4324,1
4325,1
4326,0
4327,1
4328,2
4329,1
4330,1
4331,2
4332,0
4333,1
4334,3
4336,2
4338,2
4339,2
4343,2
4344,1
4345,3
4346,2
4348,1
4349,2
4350,2
4352,4
4353,4
4354,0
4356,3
4357,1
4358,3
4360,1
4361,4
4362,2
4363,2
4364,1
4367,4
4368,2
4369,1
4370,4
4371,3
4372,3
4373,2
4374,4
4378,1
4380,2
4382,2
4383,0
4385,3
4386,1
4387,2
4388,2
4389,3
4390,4
4392,2
4393,2
4394,4
4395,2
4396,3
4397,2
4398,2
4399,2
4400,2
4401,0
4403,3
4404,2
4406,2
4407,4
4408,1
4409,4
4411,0
4412,1
4413,2
4414,2
4415,1
4417,1
4418,0
4421,1
4422,2
4423,1
4424,2
4425,2
4427,3
4428,0
4429,2
4430,4
4433,3
4434,2
4436,2
4438,3
4439,2
4440,2
4441,3
4442,1
4443,0
4444,3
4445,2
4446,2
4447,1
4448,0
4449,2
4450,3
4451,4
4452,3
4453,1
4455,0
4456,1
4458,1
4459,3
4461,0
4462,3
4464,2
4466,2
4467,4
4468,2
4469,0
4470,1
4472,2
4473,1
4474,4
4476,0
4477,2
4478,2
4480,1
4482,1
4484,2
4485,2
4489,3
4490,2
4492,2
4494,3
4495,3
4497,2
4498,1
4499,1
4500,3
4502,1
4504,2
4505,2
4506,1
4507,3
4508,2
4510,1
4511,3
4512,2
4513,2
4515,3
4516,2
4517,2
4518,3
4520,4
4521,0
4522,3
4523,2
4524,1
4525,0
4527,2
4528,0
4529,1
4532,2
4533,3
4534,2
4536,1
4537,1
4538,2
4539,0
4540,2
4541,2
4542,1
4543,4
4544,1
4545,3
4546,4
4547,2
4548,1
4549,2
4550,1
4551,2
4552,2
4553,2
4554,1
4556,0
4558,2
4559,2
4560,2
4562,2
4563,2
4564,2
4565,2
4566,3
4567,2
4568,3
4570,3
4571,3
4572,2
4574,4
4575,2
4576,1
4577,4
4578,1
4579,3
4580,0
4581,2
4582,0
4583,2
4584,2
4585,2
4586,2
4587,3
4588,1
4589,2
4590,2
4591,3
4592,4
4593,1
4594,0
4595,2
4596,2
4597,1
4598,3
4599,2
4601,1
4602,2
4603,3
4604,0
4605,2
4606,3
4607,0
4608,2
4609,2
4610,0
4611,1
4612,1
4613,1
4614,2
4615,0
4616,1
4617,3
4618,2
4619,3
4621,1
4624,2
4625,1
4626,0
4627,4
4628,4
4629,2
4630,2
4631,2
4632,2
4633,1
4634,2
4635,1
4636,3
4637,4
4638,2
4639,1
4640,2
4641,2
4643,2
4644,2
4645,2
4646,3
4647,2
4648,2
4649,3
4650,3
4651,2
4652,0
4653,1
4655,1
4656,2
4657,2
4658,2
4659,0
4660,1
4661,2
4662,1
4664,4
4665,2
4666,2
4667,4
4668,1
4669,2
4670,2
4671,0
4672,1
4673,2
4674,3
4675,1
4676,2
4677,0
4678,2
4679,4
4680,2
4681,3
4683,4
4684,1
4685,2
4686,0
4687,2
4689,0
4690,3
4692,0
4693,2
4694,2
4697,2
4699,2
4702,2
4703,1
4704,1
4705,0
4706,2
4707,1
4708,2
4709,1
4710,1
4712,2
4713,3
4715,3
4716,2
4717,1
4718,1
4719,2
4721,1
4722,2
4724,2
4726,2
4727,2
4728,3
4729,2
4730,3
4731,3
4733,3
4735,2
4736,0
4737,2
4739,4
4741,3
4742,3
4744,4
4745,3
4747,3
4748,1
4749,1
4750,4
4751,2
4753,4
4754,2
4755,2
4756,2
4757,3
4759,1
4760,2
4761,4
4762,2
4764,2
4765,3
4766,2
4767,2
4768,2
4769,2
4771,4
4772,2
4774,1
4775,2
4776,2
4777,0
4778,2
4779,0
4781,1
4782,2
4783,3
4784,2
4785,1
4786,2
4787,1
4790,1
4791,2
4792,2
4795,2
4796,1
4797,2
4798,4
4799,2
4801,2
4802,0
4803,1
4804,2
4805,1
4806,2
4807,2
4808,1
4809,1
4810,3
4811,2
4812,0
4813,2
4814,2
4815,2
4817,4
4818,1
4819,2
4820,2
4821,2
4824,2
4826,4
4827,3
4828,3
4829,2
4830,2
4831,1
4833,1
4834,3
4835,1
4836,2
4837,0
4839,1
4840,3
4841,2
4842,3
4844,2
4846,0
4847,1
4848,1
4849,2
4851,2
4852,2
4853,4
4854,3
4855,0
4856,3
4857,2
4860,2
4862,3
4863,2
4864,0
4865,4
4866,3
4868,2
4869,2
4871,3
4872,1
4874,1
4875,2
4876,3
4877,0
4878,2
4879,1
4880,1
4881,2
4882,2
4884,1
4885,2
4886,3
4889,2
4890,2
4891,3
4892,2
4893,2
4894,0
4896,4
4897,3
4898,1
4899,2
4900,2
4901,1
4902,2
4903,2
4904,2
4905,3
4906,0
4907,2
4909,2
4910,0
4911,2
4912,1
4913,1
4914,1
4916,1
4918,1
4919,2
4920,2
4921,0
4922,1
4924,2
4925,2
4926,1
4927,0
4928,2
4929,2
4930,2
4931,3
4932,3
4933,2
4934,2
4935,2
4936,1
4937,2
4938,2
4939,1
4940,2
4942,3
4943,3
4944,4
4945,1
4946,1
4948,1
4949,3
4950,3
4952,1
4953,1
4954,4
4955,4
4956,2
4958,3
4959,0
4960,2
4962,1
4963,2
4964,2
4965,1
4966,2
4967,2
4969,2
4970,2
4972,3
4973,4
4974,2
4975,1
4976,1
4978,2
4979,3
4981,1
4982,1
4983,2
4984,3
4986,2
4988,3
4989,4
4992,4
4993,1
4994,2
4995,1
4996,2
4998,3
4999,0
5000,0
5001,3
5002,0
5003,1
5004,1
5005,2
5006,0
5007,1
5008,4
5009,2
5010,1
5012,0
5013,1
5015,2
5016,2
5017,2
5021,2
5022,2
5023,1
5024,2
5025,2
5026,3
5027,0
5028,2
5029,4
5030,2
5031,1
5034,2
5035,0
5036,4
5037,2
5038,0
5039,3
5040,1
5041,3
5042,4
5043,0
5044,3
5045,2
5046,2
5048,1
5049,2
5050,1
5051,2
5052,2
5053,2
5054,2
5055,2
5057,2
5058,0
5060,2
5061,3
5062,2
5065,2
5066,0
5067,2
5069,3
5070,1
5071,2
5072,2
5074,1
5075,2
5076,2
5077,2
5078,1
5081,2
5082,2
5083,2
5084,3
5085,0
5086,2
5087,1
5088,2
5089,2
5091,2
5092,2
5093,4
5094,2
5096,1
5097,4
5098,4
5100,2
5101,0
5103,2
5104,2
5105,3
5106,0
5107,1
5108,2
5109,1
5110,2
5111,4
5112,3
5114,2
5115,2
5116,1
5117,2
5118,2
5119,2
5120,3
5121,3
5122,3
5123,1
5124,2
5125,2
5126,2
5127,3
5128,3
5129,2
5130,2
5132,1
5133,2
5134,2
5135,2
5136,1
5137,2
5138,2
5139,4
5140,1
5141,2
5142,2
5143,1
5144,1
5145,1
5147,4
5148,2
5149,1
5151,2
5152,1
5154,2
5155,1
5156,1
5157,2
5159,2
5160,1
5161,2
5162,2
5163,4
5164,1
5165,2
5166,2
5167,2
5168,0
5169,2
5170,2
5172,2
5173,4
5174,1
5175,3
5176,3
5177,2
5178,2
5179,1
5180,3
5181,1
5182,1
5183,2
5184,2
5185,4
5186,2
5187,2
5188,1
5189,2
5190,3
5192,2
5193,0
5194,3
5195,1
5196,0
5197,1
5198,3
5199,2
5200,1
5201,1
5202,1
5204,3
5205,0
5208,2
5209,4
5210,4
5211,2
5212,2
5213,0
5214,2
5216,4
5218,2
5219,0
5220,2
5221,2
5222,2
5224,3
5225,2
5226,2
5227,1
5228,0
5229,2
5230,2
5231,3
5232,2
5233,1
5234,1
5235,2
5236,2
5237,2
5239,4
5240,1
5241,2
5243,2
5245,3
5246,2
5247,4
5248,3
5249,3
5250,2
5251,1
5252,2
5254,2
5256,2
5257,3
5258,4
5259,2
5260,4
5262,1
5263,4
5264,2
5265,2
5266,4
5267,2
5269,3
5270,0
5272,2
5273,4
5274,4
5275,2
5276,3
5277,0
5278,2
5279,3
5280,2
5283,3
5284,2
5286,0
5287,3
5288,0
5290,2
5291,3
5292,3
5293,2
5294,2
5295,2
5296,1
5297,2
5298,2
5300,2
5301,0
5302,2
5303,2
5304,1
5305,4
5307,3
5308,2
5309,3
5311,0
5312,2
5313,2
5314,2
5315,2
5316,1
5317,1
5318,2
5320,2
5321,2
5324,2
5325,0
5327,2
5329,2
5331,3
5332,3
5333,1
5334,2
5335,2
5336,2
5337,3
5338,1
5339,2
5340,2
5341,2
5342,4
5343,2
5344,1
5345,3
5346,1
5349,2
5350,2
5351,2
5352,3
5353,1
5354,4
5357,0
5358,2
5359,1
5360,2
5361,2
5362,1
5363,1
5364,1
5366,3
5367,2
5368,2
5369,3
5370,3
5371,2
5372,1
5373,2
5374,4
5376,2
5377,0
5378,3
5379,1
5380,0
5381,3
5382,1
5383,2
5384,1
5385,0
5386,2
5387,2
5388,0
5389,2
5390,2
5392,0
5393,2
5394,2
5395,1
5397,2
5398,3
5399,2
5401,4
5402,3
5403,2
5404,3
5405,3
5406,2
5408,0
5409,1
5411,2
5413,2
5416,2
5417,4
5419,4
5421,2
5422,1
5423,0
5424,2
5425,0
5426,2
5427,1
5428,4
5430,4
5431,1
5433,1
5434,0
5435,2
5436,3
5437,1
5438,3
5439,0
5440,1
5441,1
5442,3
5443,3
5444,0
5445,1
5446,1
5448,2
5450,0
5451,0
5452,3
5453,2
5454,3
5455,3
5456,2
5457,3
5458,4
5459,0
5460,0
5464,2
5465,3
5466,2
5467,2
5469,2
5470,2
5471,3
5472,4
5473,3
5474,4
5475,2
5476,2
5477,2
5479,2
5480,4
5481,2
5483,4
5484,2
5485,3
5486,1
5487,2
5488,2
5489,2
5491,2
5492,2
5493,2
5494,1
5495,1
5496,2
5498,1
5501,2
5503,1
5504,1
5505,3
5506,2
5507,2
5508,2
5511,1
5512,3
5513,2
5514,1
5515,0
5516,2
5517,2
5518,2
5519,3
5520,2
5521,1
5523,2
5524,1
5525,2
5526,2
5528,2
5529,3
5531,2
5532,0
5534,3
5535,2
5536,1
5537,2
5538,0
5539,2
5540,1
5541,4
5543,2
5544,0
5545,3
5546,0
5549,2
5550,3
5551,2
5552,4
5553,3
5554,2
5555,2
5556,2
5557,3
5559,2
5560,3
5561,2
5562,3
5563,2
5564,1
5565,0
5566,2
5567,2
5568,2
5569,0
5570,3
5571,2
5572,1
5573,1
5574,2
5576,4
5577,3
5579,1
5580,2
5581,1
5582,1
5583,4
5584,2
5585,0
5587,4
5588,3
5589,1
5590,0
5591,2
5592,1
5596,3
5597,1
5598,3
5599,2
5600,2
5601,1
5602,4
5603,0
5604,0
5605,2
5606,4
5607,0
5608,3
5609,4
5610,2
5611,4
5612,1
5613,0
5614,4
5615,2
5616,2
5617,2
5618,1
5619,3
5620,4
5621,2
5623,1
5624,3
5625,2
5626,4
5627,3
5628,2
5629,3
5630,1
5631,1
5632,0
5633,2
5634,1
5635,2
5636,2
5637,0
5639,2
5640,0
5641,1
5642,1
5643,2
5645,3
5646,3
5647,2
5648,3
5649,2
5651,2
5652,1
5653,2
5654,2
5655,2
5656,4
5657,2
5658,2
5659,1
5660,2
5661,2
5662,2
5663,1
5664,1
5665,0
5666,1
5667,3
5668,1
5669,1
5670,0
5672,2
5673,2
5674,2
5675,2
5678,2
5679,3
5680,2
5681,2
5682,2
5683,3
5685,4
5686,2
5687,0
5689,3
5690,0
5691,2
5692,2
5693,1
5696,3
5697,2
5699,2
5700,2
5701,2
5703,3
5704,1
5705,2
5706,3
5707,2
5709,2
5710,2
5711,2
5712,2
5713,3
5714,4
5715,2
5716,0
5717,2
5718,2
5719,4
5721,2
5723,2
5724,2
5725,4
5727,4
5729,3
5730,1
5731,2
5732,1
5733,1
5734,4
5735,2
5736,2
5737,0
5739,1
5740,0
5741,2
5742,2
5744,2
5746,2
5747,0
5748,4
5749,2
5750,4
5751,3
5752,2
5753,1
5754,2
5755,2
5756,2
5757,0
5758,4
5759,3
5760,1
5762,2
5765,1
5766,2
5767,3
5768,4
5769,2
5770,2
5771,3
5772,2
5774,2
5775,0
5776,1
5777,2
5778,4
5780,4
5782,3
5783,3
5784,1
5785,3
5786,0
5787,3
5788,4
5789,2
5790,0
5792,4
5793,2
5794,1
5795,3
5797,2
5799,0
5800,0
5801,2
5802,2
5803,2
5804,1
5805,0
5806,0
5807,1
5808,4
5809,2
5810,3
5811,2
5814,0
5815,2
5817,2
5818,2
5819,2
5820,4
5821,0
5822,2
5824,0
5825,2
5826,1
5827,2
5828,3
5829,2
5830,1
5833,2
5834,0
5835,1
5836,2
5837,4
5838,2
5839,1
5840,1
5841,2
5845,1
5846,2
5847,2
5848,2
5849,4
5850,2
5851,1
5852,1
5853,2
5854,0
5857,2
5858,2
5860,1
5861,3
5862,3
5863,3
5864,1
5865,3
5866,2
5867,1
5868,0
5869,0
5870,0
5871,2
5872,2
5874,3
5875,0
5876,4
5877,2
5878,2
5879,3
5880,2
5881,1
5882,1
5883,0
5884,1
5885,1
5886,2
5887,2
5888,0
5889,1
5891,1
5892,3
5893,2
5895,3
5896,2
5897,2
5898,2
5901,3
5902,3
5903,2
5904,2
5905,2
5906,3
5908,1
5909,0
5910,2
5911,0
5912,0
5913,2
5914,4
5915,4
5916,0
5918,2
5920,2
5921,3
5922,1
5923,2
5924,2
5926,3
5927,3
5928,3
5929,2
5932,1
5933,2
5934,2
5936,1
5937,4
5938,1
5939,0
5941,0
5942,1
5943,2
5944,4
5945,3
5946,2
5947,2
5948,2
5949,1
5950,1
5952,3
5953,2
5954,1
5955,2
5956,1
5957,3
5958,1
5960,1
5961,1
5962,2
5963,3
5964,2
5965,1
5966,1
5968,3
5969,1
5970,2
5971,0
5972,2
5973,2
5974,2
5976,3
5977,2
5978,2
5979,2
5980,3
5981,4
5982,1
5983,3
5985,0
5986,3
5987,3
5988,4
5989,1
5990,1
5991,2
5992,2
5994,1
5995,0
5996,2
5997,1
5998,1
5999,2
6000,4
6001,1
6002,2
6003,0
6004,1
6005,2
6006,1
6007,1
6008,1
6009,2
6010,3
6011,1
6012,2
6013,0
6014,3
6015,4
6017,0
6018,2
6020,4
6021,2
6022,2
6023,0
6024,2
6025,2
6026,2
6027,0
6028,3
6029,2
6030,3
6031,0
6033,2
6034,0
6035,2
6036,2
6039,2
6040,3
6041,0
6043,2
6044,2
6045,1
6046,1
6047,3
6048,3
6049,2
6050,3
6051,4
6052,2
6054,2
6056,1
6057,1
6058,0
6059,1
6060,1
6061,2
6062,0
6063,1
6065,3
6066,2
6068,4
6070,3
6071,2
6072,0
6073,4
6074,3
6075,2
6076,3
6077,2
6078,2
6079,2
6080,2
6081,2
6082,1
6083,1
6084,4
6085,0
6086,2
6087,2
6088,3
6089,2
6091,2
6092,2
6094,3
6095,4
6097,4
6098,3
6099,2
6100,0
6101,2
6102,1
6103,0
6105,3
6106,2
6107,3
6108,2
6109,2
6110,1
6111,4
6112,1
6113,1
6114,1
6115,2
6116,2
6117,2
6118,1
6119,1
6120,4
6121,1
6122,3
6123,2
6124,2
6125,2
6126,2
6127,1
6128,1
6129,2
6130,2
6131,3
6132,2
6134,3
6135,2
6136,2
6137,2
6139,1
6140,1
6141,2
6142,2
6143,2
6144,2
6145,2
6146,4
6147,1
6148,2
6149,2
6151,0
6153,2
6154,0
6155,2
6156,1
6158,1
6159,2
6160,3
6161,2
6162,1
6163,3
6164,4
6165,2
6166,2
6168,0
6169,2
6170,1
6171,0
6172,2
6175,2
6176,1
6179,2
6180,1
6181,3
6182,2
6183,0
6184,2
6185,1
6186,1
6187,2
6188,3
6190,2
6191,2
6193,3
6194,3
6195,3
6196,3
6198,0
6199,1
6200,1
6201,2
6202,2
6203,2
6204,4
6205,2
6206,1
6207,1
6208,3
6209,1
6210,2
6211,3
6212,2
6213,2
6214,0
6215,2
6217,1
6218,3
6219,1
6220,1
6221,2
6222,2
6226,4
6227,2
6228,1
6229,2
6230,1
6231,2
6233,2
6234,1
6235,2
6236,0
6238,4
6241,3
6242,2
6243,0
6244,2
6245,2
6247,1
6248,2
6249,2
6250,2
6251,3
6253,0
6254,0
6255,0
6256,3
6257,4
6258,2
6259,1
6260,2
6261,4
6263,3
6264,1
6265,4
6266,3
6267,1
6268,0
6269,2
6270,2
6272,3
6274,2
6275,2
6276,0
6277,3
6278,2
6279,2
6280,3
6281,1
6282,2
6283,4
6284,0
6285,2
6286,4
6287,2
6288,3
6289,4
6290,1
6292,3
6293,0
6294,2
6295,2
6296,3
6297,2
6298,2
6299,3
6300,2
6301,2
6302,4
6303,1
6305,0
6306,2
6307,2
6309,1
6310,2
6311,2
6312,1
6314,0
6317,2
6318,2
6320,3
6321,1
6322,1
6323,2
6324,2
6325,2
6326,3
6328,0
6329,3
6330,2
6331,2
6332,2
6333,4
6334,2
6335,3
6336,2
6337,2
6338,2
6339,2
6340,4
6341,2
6342,0
6343,2
6344,2
6346,3
6348,2
6349,1
6351,1
6352,3
6353,1
6355,1
6357,3
6359,2
6360,2
6361,0
6363,2
6364,3
6365,1
6366,3
6369,1
6370,3
6371,1
6372,2
6373,2
6375,3
6376,2
6377,3
6378,0
6379,1
6380,4
6381,0
6382,4
6383,0
6384,2
6385,2
6386,0
6387,1
6388,2
6389,1
6391,4
6393,3
6394,2
6395,2
6396,3
6397,2
6398,2
6399,3
6401,1
6402,3
6403,3
6404,2
6405,1
6406,2
6407,0
6408,3
6410,3
6411,1
6413,2
6414,2
6415,3
6419,1
6420,4
6422,3
6423,2
6424,2
6425,1
6426,1
6428,0
6429,0
6430,2
6431,1
6432,2
6434,3
6435,2
6436,3
6437,3
6438,3
6439,0
6440,0
6441,0
6442,3
6443,2
6444,2
6445,3
6446,2
6447,1
6448,3
6449,2
6450,3
6451,2
6452,0
6453,0
6454,0
6456,3
6457,1
6458,2
6459,3
6460,1
6461,1
6462,3
6463,3
6464,2
6467,0
6468,2
6469,4
6471,2
6472,2
6473,2
6474,2
6475,4
6476,1
6477,2
6478,3
6479,2
6480,0
6481,2
6482,1
6483,1
6485,2
6486,2
6487,0
6488,2
6489,1
6490,1
6491,3
6492,2
6493,3
6494,3
6495,1
6496,1
6497,2
6498,0
6499,2
6501,4
6502,2
6503,2
6504,2
6505,3
6506,0
6508,2
6509,2
6510,1
6511,1
6512,2
6513,1
6514,0
6515,2
6516,3
6517,2
6518,2
6519,1
6520,3
6521,1
6522,1
6523,3
6524,2
6525,2
6526,1
6527,1
6529,1
6530,1
6531,1
6532,4
6534,2
6535,1
6536,1
6537,3
6538,4
6539,3
6540,1
6541,2
6542,1
6543,2
6544,3
6545,4
6546,2
6547,2
6548,2
6549,2
6551,1
6552,1
6553,3
6555,2
6556,0
6559,2
6560,2
6561,2
6563,2
6564,2
6565,3
6567,1
6568,2
6569,1
6570,1
6571,2
6572,3
6573,2
6574,2
6575,2
6576,4
6577,0
6578,2
6579,1
6580,0
6581,0
6583,1
6585,0
6586,0
6587,1
6588,2
6589,1
6590,2
6591,3
6592,4
6593,2
6594,1
6596,4
6597,2
6598,0
6599,2
6600,3
6601,4
6602,2
6603,1
6604,2
6605,2
6606,2
6607,1
6608,2
6610,1
6611,1
6612,1
6613,2
6615,1
6617,2
6619,1
6621,2
6622,2
6623,2
6624,3
6625,3
6626,1
6627,2
6628,2
6629,0
6630,3
6631,1
6632,2
6633,0
6634,2
6635,2
6636,4
6639,0
6640,0
6641,2
6642,1
6643,1
6644,3
6645,2
6646,1
6648,4
6649,2
6650,3
6654,2
6656,3
6657,3
6658,3
6659,3
6660,3
6662,4
6663,4
6664,2
6665,2
6666,2
6667,2
6668,4
6670,4
6672,2
6673,1
6674,4
6675,3
6676,1
6677,1
6678,2
6680,4
6681,1
6682,4
6683,3
6684,1
6685,0
6686,2
6687,0
6689,2
6690,2
6692,2
6694,3
6695,0
6697,3
6698,1
6699,2
6701,3
6702,3
6703,2
6704,3
6705,1
6708,3
6709,3
6711,2
6712,4
6713,2
6714,2
6715,2
6716,2
6717,2
6718,2
6720,2
6722,2
6723,1
6724,2
6725,3
6726,3
6727,3
6728,1
6729,2
6730,0
6732,2
6733,0
6736,0
6737,3
6738,2
6739,4
6740,3
6741,2
6742,2
6743,2
6744,2
6745,1
6746,3
6748,3
6749,1
6752,4
6754,2
6755,2
6756,2
6757,2
6758,2
6759,4
6760,0
6761,2
6762,0
6763,1
6764,3
6765,1
6766,3
6768,3
6769,2
6770,1
6772,1
6773,2
6774,2
6775,4
6777,3
6778,4
6779,2
6780,0
6781,2
6782,2
6783,3
6784,1
6785,2
6786,1
6787,4
6788,4
6789,2
6790,2
6791,3
6792,1
6793,4
6794,0
6795,0
6796,2
6797,2
6799,2
6800,1
6801,2
6802,3
6804,2
6805,2
6806,1
6808,2
6809,2
6811,3
6812,2
6813,1
6814,3
6815,2
6816,1
6817,1
6818,4
6819,4
6820,0
6822,1
6824,2
6825,3
6827,2
6829,1
6830,1
6831,3
6832,2
6833,1
6834,2
6835,3
6836,1
6837,1
6838,2
6839,1
6840,2
6842,2
6843,3
6844,0
6845,2
6846,2
6848,1
6849,2
6851,3
6852,0
6853,2
6854,0
6856,0
6858,4
6859,3
6860,2
6861,1
6862,0
6863,2
6865,2
6866,1
6867,2
6868,1
6869,4
6871,3
6872,2
6873,4
6874,2
6875,1
6876,1
6877,2
6879,2
6880,1
6881,3
6882,4
6883,2
6884,2
6885,2
6887,0
6888,0
6889,2
6890,3
6891,1
6893,2
6894,1
6895,2
6896,2
6898,4
6899,2
6900,3
6901,1
6902,1
6903,0
6904,3
6905,1
6906,2
6908,0
6909,1
6910,2
6911,2
6912,2
6915,2
6917,2
6918,1
6919,2
6920,0
6921,2
6922,0
6924,2
6925,2
6926,0
6927,4
6928,0
6929,2
6930,2
6931,1
6932,2
6933,1
6934,2
6935,0
6936,2
6937,2
6938,2
6939,1
6941,1
6942,3
6944,2
6945,1
6946,0
6947,2
6948,1
6949,2
6950,2
6951,1
6952,2
6953,1
6954,3
6955,1
6957,3
6958,2
6959,2
6961,2
6962,3
6965,2
6966,1
6967,1
6968,2
6969,4
6970,2
6971,2
6972,2
6973,3
6974,1
6975,2
6976,3
6977,2
6978,2
6979,2
6980,1
6982,2
6983,2
6984,1
6985,2
6986,1
6987,4
6988,1
6989,3
6990,2
6991,3
6992,4
6993,0
6995,2
6996,4
6997,4
6998,2
6999,1
7002,2
7003,2
7004,1
7005,2
7006,1
7007,0
7011,1
7012,2
7013,2
7014,2
7016,0
7017,2
7018,3
7019,3
7020,3
7021,1
7022,2
7024,2
7027,2
7028,2
7029,4
7030,2
7031,2
7033,0
7034,2
7035,2
7037,2
7038,1
7039,1
7040,2
7041,2
7042,0
7043,0
7044,1
7047,2
7048,0
7049,1
7050,2
7051,2
7052,2
7053,3
7056,2
7057,2
7058,2
7060,1
7061,0
7062,3
7063,2
7064,4
7065,1
7066,0
7067,2
7068,0
7069,0
7071,1
7072,2
7073,3
7074,2
7075,1
7076,2
7078,1
7079,2
7081,2
7082,1
7083,3
7084,3
7085,3
7086,2
7088,3
7089,3
7090,2
7091,3
7093,2
7094,2
7095,2
7098,1
7101,0
7103,1
7105,1
7106,3
7107,3
7112,2
7113,1
7114,3
7115,1
7116,2
7117,1
7118,0
7119,2
7120,2
7121,2
7122,2
7123,2
7124,4
7125,2
7126,2
7127,2
7128,4
7129,1
7131,2
7132,3
7133,2
7134,1
7135,2
7136,2
7137,0
7138,1
7140,2
7141,2
7142,2
7143,1
7144,2
7145,2
7147,2
7148,4
7149,2
7150,1
7151,2
7153,3
7155,2
7156,3
7157,0
7158,0
7159,1
7161,0
7163,3
7164,4
7165,2
7166,2
7167,1
7168,2
7169,2
7170,2
7171,3
7172,2
7173,2
7174,0
7175,4
7176,2
7177,2
7178,4
7179,2
7180,2
7181,3
7182,4
7183,2
7186,2
7187,2
7188,3
7190,1
7191,1
7192,2
7193,4
7196,1
7197,2
7199,1
7200,0
7201,3
7202,3
7203,3
7204,1
7208,3
7209,2
7211,1
7212,2
7214,3
7216,2
7218,2
7219,2
7220,2
7221,3
7222,1
7223,0
7224,1
7225,2
7226,1
7228,2
7229,1
7230,2
7231,4
7232,4
7233,1
7234,0
7237,2
7239,2
7240,3
7241,1
7242,3
7243,4
7244,2
7245,2
7246,1
7247,3
7248,0
7249,2
7252,2
7253,3
7255,0
7256,2
7257,2
7258,2
7259,1
7260,2
7261,4
7263,0
7264,1
7267,1
7268,3
7269,1
7270,4
7271,3
7272,3
7274,1
7275,2
7276,0
7277,3
7278,1
7279,4
7280,3
7281,3
7283,1
7285,2
7286,1
7287,4
7288,2
7289,0
7290,1
7291,2
7292,2
7293,2
7294,4
7295,0
7297,1
7298,2
7299,0
7300,3
7302,0
7303,2
7304,0
7305,3
7306,2
7308,3
7310,3
7312,2
7313,0
7314,2
7315,2
7316,0
7318,1
7319,2
7320,1
7322,1
7323,4
7324,1
7326,2
7327,4
7329,1
7330,0
7331,2
7332,1
7333,4
7335,1
7336,2
7337,0
7338,1
7339,1
7340,2
7341,3
7342,1
7343,1
7344,2
7346,2
7347,4
7348,1
7349,0
7350,2
7351,1
7352,2
7353,1
7354,3
7355,0
7356,3
7357,0
7358,1
7359,2
7360,1
7361,2
7362,4
7363,2
7364,1
7366,2
7367,2
7368,4
7369,4
7370,2
7371,4
7374,2
7375,3
7377,0
7379,2
7381,1
7382,3
7384,0
7385,2
7387,2
7388,0
7389,3
7391,3
7392,2
7393,3
7394,2
7395,0
7396,4
7397,3
7398,1
7399,2
7400,2
7402,1
7403,2
7404,2
7405,1
7406,2
7407,2
7408,2
7410,2
7411,2
7412,3
7413,2
7414,3
7415,0
7417,4
7418,2
7419,2
7420,2
7421,1
7422,1
7423,2
7424,1
7425,2
7426,0
7427,2
7428,0
7429,2
7430,3
7431,3
7432,1
7433,2
7434,2
7435,2
7436,1
7437,2
7438,1
7439,2
7440,3
7441,1
7442,2
7445,4
7446,2
7447,1
7448,2
7449,4
7450,1
7451,2
7452,3
7453,2
7454,2
7455,2
7456,0
7457,2
7459,4
7462,2
7463,3
7464,2
7465,2
7467,1
7468,4
7469,0
7470,2
7471,4
7472,4
7474,1
7475,2
7476,1
7477,0
7478,2
7479,0
7480,3
7482,4
7483,2
7485,0
7486,1
7490,2
7491,2
7492,2
7493,2
7494,3
7495,2
7496,3
7498,1
7499,2
7500,2
7501,4
7502,3
7503,1
7504,3
7506,1
7509,0
7511,1
7512,2
7513,1
7514,3
7515,3
7516,3
7517,3
7518,3
7519,2
7520,1
7521,4
7522,2
7523,2
7524,3
7525,2
7526,3
7527,3
7529,2
7530,3
7531,2
7533,2
7534,3
7535,2
7536,3
7537,2
7538,2
7539,0
7540,2
7541,2
7542,2
7543,0
7544,2
7545,0
7547,2
7548,0
7549,1
7550,2
7551,1
7552,2
7553,2
7555,1
7556,0
7557,1
7558,1
7559,2
7560,2
7561,1
7562,1
7563,2
7564,2
7566,3
7569,3
7571,2
7572,2
7573,0
7574,1
7575,1
7576,2
7577,2
7578,1
7580,1
7581,2
7582,2
7583,2
7584,3
7586,0
7587,2
7588,3
7589,2
7590,2
7591,2
7592,1
7594,2
7595,0
7596,2
7597,2
7598,3
7599,3
7600,2
7601,2
7602,2
7603,2
7604,3
7605,2
7607,2
7608,1
7609,2
7610,1
7611,2
7612,3
7613,2
7615,1
7617,2
7618,1
7619,2
7620,2
7621,2
7623,2
7625,2
7626,2
7627,2
7628,1
7629,2
7630,1
7631,3
7633,2
7634,0
7635,1
7636,2
7637,2
7638,4
7639,1
7640,2
7641,0
7642,2
7643,3
7644,1
7645,1
7646,2
7647,3
7648,1
7650,3
7652,4
7653,2
7654,2
7655,2
7656,2
7657,1
7658,3
7660,1
7661,2
7663,2
7664,2
7665,2
7666,1
7668,2
7669,2
7671,2
7672,1
7673,2
7674,2
7675,2
7676,3
7677,1
7678,3
7679,1
7682,2
7683,2
7684,3
7685,2
7686,1
7687,4
7688,2
7690,3
7691,1
7692,1
7693,2
7694,4
7695,4
7698,2
7699,2
7700,1
7701,1
7702,3
7704,3
7705,1
7706,1
7707,1
7708,3
7709,1
7711,1
7712,2
7713,2
7714,2
7715,2
7716,1
7717,3
7719,3
7720,0
7721,2
7722,1
7723,4
7724,2
7725,1
7727,1
7728,0
7729,3
7730,4
7731,1
7734,2
7735,0
7737,2
7739,2
7741,2
7743,2
7744,2
7745,0
7747,2
7748,1
7749,3
7750,1
7751,1
7752,0
7753,2
7754,2
7755,1
7756,1
7757,4
7758,2
7760,0
7761,2
7762,2
7763,1
7764,1
7765,3
7766,2
7767,1
7768,0
7769,2
7770,2
7771,2
7772,1
7773,2
7774,4
7775,0
7776,2
7777,2
7779,1
7782,3
7783,1
7784,2
7786,1
7787,2
7789,2
7790,2
7791,4
7792,2
7793,0
7794,1
7795,2
7796,3
7799,4
7801,0
7802,1
7803,3
7804,2
7805,2
7806,3
7807,2
7809,2
7810,3
7811,2
7814,2
7815,4
7816,1
7817,0
7818,2
7819,2
7820,0
7821,0
7822,2
7823,1
7825,0
7826,1
7827,2
7829,2
7831,1
7832,2
7833,2
7836,3
7837,3
7838,2
7839,1
7840,2
7841,1
7842,2
7843,3
7844,1
7845,1
7846,2
7847,0
7848,0
7849,2
7850,2
7851,2
7853,2
7854,3
7855,2
7856,3
7857,2
7859,2
7860,1
7861,2
7862,3
7863,1
7864,4
7865,2
7866,2
7867,2
7868,1
7869,2
7871,3
7873,2
7874,1
7875,3
7876,0
7877,2
7879,4
7880,3
7881,2
7882,2
7883,2
7884,3
7885,1
7887,0
7888,2
7889,1
7890,2
7891,2
7892,2
7893,2
7896,3
7897,0
7898,2
7899,3
7900,1
7901,1
7902,2
7903,2
7904,2
7906,2
7908,2
7909,2
7910,1
7911,2
7912,3
7913,2
7914,4
7915,3
7916,2
7917,1
7920,1
7921,3
7924,2
7926,2
7927,2
7928,1
7930,1
7931,2
7932,2
7933,2
7934,2
7935,1
7936,2
7937,1
7938,2
7940,3
7941,1
7942,2
7944,4
7945,1
7946,2
7948,4
7950,2
7951,2
7952,0
7953,2
7954,2
7955,2
7956,3
7957,1
7958,1
7959,2
7961,3
7962,3
7963,0
7964,1
7965,3
7966,3
7967,2
7968,2
7970,2
7971,2
7972,3
7973,0
7974,1
7975,2
7976,1
7977,0
7978,0
7979,3
7980,2
7981,2
7983,3
7985,0
7987,2
7988,0
7989,3
7992,4
7993,2
7994,1
7995,2
7998,2
7999,3
8000,1
8001,1
8002,3
8003,2
8005,4
8006,2
8007,2
8008,0
8009,4
8010,2
8011,1
8013,1
8014,3
8015,2
8016,3
8017,4
8019,2
8020,4
8021,0
8022,3
8023,2
8024,0
8025,2
8026,0
8027,3
8028,2
8029,2
8030,1
8031,2
8032,3
8033,2
8035,2
8036,1
8037,3
8039,1
8040,2
8042,1
8043,1
8044,0
8045,4
8046,2
8047,2
8048,2
8049,1
8050,2
8051,1
8052,2
8053,2
8054,0
8056,2
8057,3
8058,2
8059,1
8060,2
8061,0
8062,3
8063,3
8064,2
8065,3
8066,2
8067,2
8068,2
8069,3
8070,1
8071,1
8072,3
8073,1
8074,2
8075,2
8076,1
8077,2
8078,4
8079,0
8080,4
8081,4
8082,2
8083,1
8084,2
8085,4
8086,1
8087,3
8088,2
8089,4
8093,2
8094,2
8095,1
8098,3
8099,2
8100,2
8102,2
8104,2
8105,1
8107,2
8108,2
8109,3
8110,4
8111,1
8112,1
8114,0
8115,1
8116,2
8117,2
8118,2
8119,2
8121,1
8122,1
8123,4
8124,3
8125,1
8126,1
8127,3
8128,2
8129,2
8130,2
8131,3
8132,3
8135,1
8136,1
8137,1
8138,4
8140,2
8141,3
8143,1
8144,2
8145,4
8146,2
8147,2
8148,1
8149,0
8150,0
8151,2
8153,0
8154,3
8157,1
8158,2
8159,2
8160,1
8161,2
8162,1
8163,0
8164,1
8165,3
8166,2
8167,2
8168,0
8170,3
8171,2
8172,3
8173,2
8174,2
8175,3
8176,1
8177,1
8178,3
8179,4
8181,4
8182,0
8183,3
8184,0
8186,3
8187,3
8188,2
8190,0
8192,2
8193,2
8194,0
8195,3
8197,2
8198,3
8199,4
8200,2
8203,2
8204,1
8206,2
8207,1
8208,1
8209,2
8210,3
8211,2
8212,1
8213,2
8214,2
8215,1
8216,1
8217,2
8220,3
8221,3
8222,1
8223,2
8224,2
8225,1
8226,2
8227,2
8228,1
8229,2
8231,2
8232,2
8233,2
8234,2
8235,0
8236,2
8237,2
8239,3
8242,2
8243,2
8244,1
8245,2
8246,0
8247,3
8248,2
8250,2
8251,4
8252,0
8253,4
8254,1
8255,0
8256,2
8257,0
8258,2
8259,3
8260,1
8261,2
8262,1
8263,4
8265,2
8266,2
8267,1
8268,2
8269,2
8270,1
8271,3
8273,2
8274,2
8275,2
8276,1
8277,1
8279,2
8280,3
8281,2
8282,2
8283,2
8284,1
8285,4
8287,1
8288,2
8289,2
8290,2
8291,1
8292,4
8294,0
8295,3
8296,1
8297,1
8298,3
8300,1
8301,1
8302,4
8303,2
8304,1
8305,2
8306,1
8307,2
8309,1
8310,0
8311,2
8312,2
8313,4
8314,2
8316,4
8317,2
8318,2
8319,3
8321,3
8322,2
8323,3
8324,3
8325,2
8326,1
8327,3
8328,2
8329,1
8331,2
8333,2
8334,3
8335,0
8336,4
8337,0
8338,2
8339,2
8340,2
8341,1
8342,3
8343,2
8344,3
8345,2
8346,1
8347,2
8349,2
8350,1
8351,1
8352,2
8353,2
8354,3
8355,4
8356,1
8357,0
8359,1
8362,2
8363,2
8365,1
8366,2
8367,1
8368,4
8369,0
8370,2
8371,0
8372,2
8376,4
8377,1
8378,2
8379,2
8381,3
8382,4
8383,1
8384,1
8385,3
8386,2
8387,2
8388,3
8389,3
8390,0
8391,3
8392,2
8394,1
8395,2
8396,4
8398,2
8400,1
8401,2
8403,4
8404,2
8405,1
8406,2
8407,1
8408,0
8409,2
8410,2
8411,1
8412,2
8413,2
8414,4
8415,4
8416,1
8419,2
8420,2
8422,3
8423,2
8424,0
8425,1
8426,1
8427,1
8428,3
8429,1
8431,3
8433,3
8434,1
8435,0
8436,3
8437,1
8438,1
8439,4
8440,2
8441,0
8442,2
8443,2
8445,2
8446,1
8447,3
8449,1
8450,2
8451,2
8452,0
8453,2
8455,2
8456,1
8457,2
8458,3
8459,1
8460,3
8461,2
8463,1
8464,2
8465,3
8466,2
8467,1
8468,2
8470,1
8471,2
8472,3
8473,2
8474,0
8475,3
8476,2
8477,2
8478,2
8479,2
8480,2
8481,2
8482,3
8485,2
8486,2
8487,3
8488,0
8489,0
8490,1
8492,2
8493,2
8494,4
8495,0
8496,3
8497,2
8499,2
8500,1
8501,3
8502,0
8503,3
8504,1
8506,0
8507,3
8508,2
8509,3
8511,1
8512,2
8513,2
8514,1
8515,4
8517,3
8518,1
8519,1
8520,1
8521,2
8522,4
8523,2
8525,2
8527,2
8530,1
8531,2
8532,3
8533,2
8534,4
8535,2
8536,3
8537,2
8538,4
8539,2
8540,2
8541,4
8542,3
8544,2
8546,2
8548,2
8549,2
8550,2
8551,0
8552,2
8553,1
8555,2
8556,1
8557,2
8558,1
8559,1
8560,3
8561,2
8562,2
8564,1
8565,0
8566,3
8567,4
8569,3
8571,1
8572,2
8573,1
8575,1
8576,1
8577,2
8578,2
8579,0
8580,4
8582,2
8583,1
8584,1
8585,1
8587,1
8588,2
8589,3
8590,1
8591,2
8592,3
8593,2
8594,4
8595,4
8597,0
8598,3
8601,2
8603,3
8604,1
8605,2
8607,2
8608,2
8609,2
8610,2
8611,2
8612,2
8613,3
8615,1
8616,2
8617,1
8618,0
8619,2
8620,2
8621,1
8622,2
8623,2
8624,1
8626,3
8627,2
8628,3
8629,2
8630,3
8631,1
8632,2
8633,2
8634,3
8635,4
8636,4
8637,3
8638,2
8639,4
8640,2
8642,1
8643,2
8644,3
8645,2
8646,2
8647,2
8649,1
8650,2
8652,1
8653,3
8654,1
8655,2
8656,3
8657,0
8658,2
8659,2
8660,1
8661,1
8662,2
8663,2
8664,1
8666,2
8667,0
8668,2
8669,2
8670,2
8671,2
8675,3
8676,3
8677,2
8678,1
8680,3
8682,2
8683,1
8684,0
8685,2
8686,2
8687,2
8688,4
8689,1
8690,1
8691,4
8692,3
8693,2
8694,2
8695,1
8696,1
8697,1
8698,1
8699,2
8700,3
8701,3
8702,2
8703,2
8704,2
8705,3
8706,2
8707,3
8708,3
8709,2
8710,2
8711,1
8712,2
8713,1
8714,1
8715,1
8716,2
8717,4
8718,2
8719,1
8720,2
8721,1
8722,2
8723,2
8724,4
8725,4
8726,2
8727,1
8729,1
8730,1
8731,2
8732,4
8733,3
8734,2
8737,4
8738,2
8740,2
8741,2
8742,2
8743,3
8745,0
8746,2
8748,1
8749,4
8750,2
8751,3
8752,2
8753,1
8754,2
8755,2
8756,2
8757,0
8759,2
8762,2
8763,2
8765,3
8766,0
8767,0
8769,2
8770,1
8771,2
8773,3
8775,1
8776,4
8778,1
8781,4
8782,2
8783,3
8784,3
8785,2
8786,2
8787,2
8788,2
8790,1
8791,1
8792,2
8794,0
8795,2
8796,3
8797,2
8798,2
8799,1
8800,2
8801,2
8802,2
8803,1
8805,1
8806,3
8807,4
8809,2
8810,3
8811,2
8812,1
8813,4
8814,1
8815,2
8816,2
8817,1
8818,0
8819,2
8820,2
8821,1
8823,1
8824,2
8827,3
8828,0
8829,2
8830,2
8831,2
8832,1
8833,0
8834,2
8835,2
8836,2
8837,4
8838,3
8839,2
8840,1
8841,4
8842,1
8843,1
8844,1
8845,4
8846,1
8847,3
8848,1
8849,0
8850,2
8851,3
8852,3
8854,0
8855,2
8857,2
8858,4
8860,2
8861,3
8862,2
8865,2
8866,4
8867,3
8868,1
8869,2
8870,0
8872,2
8875,2
8876,2
8877,1
8878,1
8879,2
8881,2
8882,2
8883,4
8884,2
8885,2
8886,2
8887,4
8888,1
8889,2
8890,3
8891,2
8893,2
8894,1
8895,2
8896,1
8897,0
8898,2
8901,1
8902,2
8903,1
8904,1
8907,3
8908,3
8909,1
8910,3
8912,3
8913,1
8914,0
8915,1
8916,3
8917,3
8918,3
8920,2
8921,1
8922,2
8923,2
8924,4
8926,3
8928,2
8929,2
8930,2
8931,3
8932,2
8933,2
8934,2
8935,1
8936,3
8937,3
8941,1
8942,4
8943,2
8944,1
8946,0
8947,2
8948,2
8949,2
8951,4
8952,1
8953,1
8954,2
8955,4
8956,1
8957,2
8958,2
8959,2
8960,1
8961,0
8962,2
8963,2
8964,2
8965,2
8966,0
8968,1
8969,2
8970,2
8971,2
8973,2
8974,1
8975,1
8976,3
8977,1
8978,0
8979,1
8980,2
8981,3
8982,1
8983,4
8984,3
8985,1
8986,2
8987,2
8988,0
8989,2
8990,2
8991,3
8992,4
8993,0
8994,0
8996,0
8997,1
8998,0
8999,1
9000,4
9002,0
9003,3
9004,3
9006,3
9007,2
9008,3
9009,2
9010,1
9011,3
9014,2
9015,3
9016,0
9019,1
9021,2
9022,4
9025,4
9026,1
9027,0
9029,4
9031,2
9032,1
9033,3
9035,1
9037,1
9038,3
9039,1
9040,1
9041,3
9042,2
9043,2
9044,3
9045,1
9046,4
9048,2
9049,4
9050,3
9053,2
9054,2
9055,3
9056,2
9057,2
9058,2
9059,2
9061,2
9062,2
9063,0
9064,2
9065,1
9067,3
9068,3
9069,2
9070,1
9071,3
9072,2
9073,1
9074,2
9075,3
9076,2
9077,3
9079,1
9080,2
9081,2
9082,0
9083,2
9084,2
9086,3
9087,3
9088,0
9090,2
9091,3
9092,2
9093,1
9095,4
9096,1
9097,1
9098,1
9100,3
9101,2
9102,3
9103,2
9104,1
9105,3
9106,3
9107,2
9110,3
9111,3
9112,1
9113,4
9114,1
9116,2
9117,2
9118,3
9120,2
9121,4
9122,4
9123,4
9124,3
9125,0
9126,2
9127,2
9128,2
9130,0
9131,3
9132,1
9133,3
9134,3
9135,3
9136,2
9137,1
9138,2
9140,3
9141,2
9142,0
9143,2
9144,2
9145,4
9146,1
9147,1
9148,2
9149,1
9151,0
9152,4
9153,2
9154,0
9155,1
9156,2
9157,2
9158,4
9159,0
9160,4
9162,2
9163,2
9164,2
9166,3
9167,3
9168,0
9169,3
9170,1
9171,3
9172,2
9173,2
9174,3
9175,3
9176,3
9177,1
9179,1
9180,2
9181,2
9182,3
9183,2
9184,2
9185,4
9186,1
9188,3
9189,2
9191,0
9192,2
9194,2
9195,3
9196,3
9197,0
9198,2
9199,0
9200,2
9202,2
9203,2
9204,3
9205,4
9206,1
9208,2
9209,2
9210,2
9211,2
9212,4
9214,2
9215,2
9216,1
9217,1
9218,3
9219,2
9220,2
9221,3
9222,2
9225,4
9226,2
9228,2
9229,2
9231,2
9232,2
9233,4
9234,0
9235,4
9236,3
9237,0
9238,2
9239,2
9240,2
9241,2
9242,3
9243,2
9245,2
9246,2
9247,2
9248,3
9249,0
9250,0
9252,4
9253,2
9254,2
9255,2
9256,2
9258,2
9261,0
9263,4
9265,3
9266,2
9267,1
9268,4
9269,3
9270,3
9271,0
9272,4
9273,1
9274,2
9275,3
9276,0
9277,1
9278,3
9279,3
9280,3
9281,2
9282,2
9283,3
9284,1
9285,1
9286,2
9288,0
9290,1
9292,1
9293,2
9294,0
9295,2
9296,2
9297,3
9298,0
9299,3
9300,3
9301,2
9303,4
9304,0
9305,0
9306,1
9307,3
9308,2
9310,4
9313,1
9316,0
9317,3
9319,4
9322,2
9323,2
9324,4
9325,2
9327,4
9328,2
9329,1
9330,2
9331,1
9332,1
9333,1
9334,4
9335,4
9336,2
9337,2
9338,2
9339,3
9340,2
9341,1
9343,1
9344,1
9345,3
9346,2
9348,3
9349,1
9351,1
9352,2
9353,3
9354,1
9355,3
9357,1
9358,2
9359,1
9360,2
9362,2
9363,2
9364,4
9365,3
9366,2
9367,2
9368,0
9369,2
9370,2
9371,2
9372,2
9373,3
9375,2
9377,1
9378,2
9379,1
9380,2
9381,1
9382,2
9383,3
9384,4
9385,1
9386,1
9387,0
9388,2
9389,3
9390,2
9391,2
9392,0
9393,4
9394,2
9395,1
9396,1
9397,0
9398,4
9399,2
9400,1
9402,4
9403,3
9404,2
9406,1
9407,2
9408,1
9409,2
9410,0
9411,0
9412,0
9413,2
9414,2
9415,2
9417,3
9420,1
9421,2
9422,3
9423,2
9424,0
9425,4
9426,2
9427,1
9428,2
9429,3
9430,2
9431,2
9433,3
9434,2
9435,1
9436,0
9437,2
9438,0
9439,1
9440,4
9442,2
9443,3
9444,2
9446,2
9447,2
9448,1
9449,1
9451,0
9452,1
9453,2
9454,3
9455,3
9456,0
9458,3
9459,4
9460,1
9464,3
9465,2
9466,1
9467,2
9468,3
9469,2
9471,2
9473,1
9474,2
9475,2
9476,2
9477,2
9478,4
9479,0
9480,2
9482,2
9483,2
9484,1
9485,3
9486,2
9487,3
9489,3
9490,2
9491,3
9492,0
9493,2
9494,2
9496,2
9497,3
9498,4
9499,0
9500,3
9502,2
9503,3
9504,2
9505,0
9506,3
9507,2
9508,1
9509,0
9510,2
9511,2
9512,2
9514,0
9516,3
9518,1
9519,2
9520,2
9522,2
9523,3
9524,1
9526,2
9528,2
9530,1
9532,2
9533,2
9535,3
9536,2
9539,4
9540,0
9541,0
9542,1
9543,3
9544,2
9547,0
9548,1
9549,0
9550,1
9551,2
9552,4
9553,2
9554,3
9556,3
9557,2
9558,1
9559,0
9560,1
9561,2
9562,0
9563,0
9564,2
9565,0
9567,2
9568,3
9569,3
9570,2
9571,2
9572,2
9573,2
9574,1
9576,4
9577,2
9578,4
9579,0
9580,4
9581,3
9582,1
9583,3
9584,1
9585,2
9586,2
9587,2
9588,1
9589,3
9590,4
9592,1
9593,2
9594,3
9595,4
9597,1
9598,2
9599,4
9600,2
9602,3
9603,2
9606,2
9607,2
9608,2
9609,1
9610,2
9611,2
9613,4
9614,0
9616,2
9617,2
9618,1
9619,0
9620,4
9621,1
9622,3
9623,0
9625,2
9626,4
9627,3
9628,2
9629,3
9630,2
9631,1
9632,2
9633,0
9635,2
9636,2
9637,1
9638,2
9640,1
9641,3
9642,1
9643,2
9644,2
9645,2
9646,2
9647,3
9650,3
9651,0
9652,2
9653,1
9654,0
9655,1
9656,3
9657,2
9658,2
9659,2
9660,1
9661,1
9662,1
9663,2
9664,3
9665,4
9666,2
9667,2
9668,0
9670,0
9671,1
9672,0
9674,0
9675,4
9676,2
9677,2
9678,2
9679,0
9680,2
9681,1
9683,2
9684,0
9685,1
9686,3
9687,2
9688,3
9689,1
9691,0
9692,4
9693,1
9694,2
9695,0
9696,1
9697,2
9700,2
9701,2
9702,2
9703,2
9704,0
9705,3
9706,2
9707,3
9708,4
9709,2
9712,1
9713,2
9714,0
9715,2
9716,3
9717,3
9718,3
9719,2
9720,3
9721,2
9722,2
9723,2
9724,2
9726,2
9727,4
9728,2
9729,1
9730,3
9731,4
9732,3
9734,3
9735,1
9736,2
9737,2
9739,2
9740,4
9741,2
9742,1
9743,3
9744,3
9745,1
9747,1
9748,2
9749,3
9750,1
9751,2
9752,2
9753,2
9754,4
9757,2
9758,0
9760,2
9761,2
9762,2
9763,2
9764,1
9765,3
9768,4
9771,2
9772,2
9773,2
9774,0
9775,2
9776,2
9777,3
9778,1
9779,2
9780,2
9781,2
9783,2
9784,2
9785,1
9786,2
9788,2
9789,0
9790,2
9791,1
9792,2
9793,3
9795,2
9796,2
9798,2
9800,3
9801,1
9802,2
9803,2
9804,2
9805,2
9806,2
9807,0
9809,1
9811,0
9812,2
9814,2
9815,4
9817,2
9818,3
9819,3
9820,0
9822,2
9823,0
9824,3
9825,4
9826,0
9827,0
9828,1
9829,1
9830,1
9832,4
9833,1
9834,1
9835,2
9836,2
9837,0
9838,1
9839,2
9840,2
9841,1
9842,2
9843,1
9844,1
9846,0
9847,2
9848,2
9849,1
9850,4
9851,2
9852,2
9853,2
9854,2
9855,3
9856,4
9857,2
9858,2
9859,1
9860,1
9861,2
9863,3
9865,2
9866,2
9867,0
9868,0
9869,3
9870,2
9871,3
9872,1
9873,2
9874,1
9875,0
9876,0
9877,3
9878,1
9879,2
9880,2
9881,4
9882,2
9883,4
9885,2
9886,0
9887,4
9888,2
9890,2
9892,2
9893,3
9894,2
9895,2
9896,2
9897,1
9898,3
9899,3
9900,1
9901,4
9902,1
9904,2
9905,3
9906,2
9907,3
9908,3
9909,1
9910,2
9911,1
9913,2
9914,2
9915,2
9917,3
9918,0
9919,4
9920,3
9921,2
9925,2
9926,0
9927,2
9929,2
9932,4
9934,1
9935,1
9936,1
9937,2
9940,1
9941,3
9942,2
9943,4
9944,1
9947,1
9948,2
9949,3
9950,2
9951,2
9952,2
9953,1
9954,2
9955,1
9957,3
9958,4
9960,1
9962,2
9963,2
9965,2
9966,2
9969,3
9971,2
9974,3
9975,0
9976,3
9977,2
9978,4
9979,1
9980,2
9982,4
9983,2
9985,0
9986,1
9987,4
9988,3
9989,4
9990,2
9991,2
9992,1
9994,1
9995,3
9996,1
9997,3
9998,3
10000,2
10001,0
10002,1
10004,2
10006,4
10008,2
10009,2
10010,2
10011,2
10012,1
10013,3
10014,2
10015,1
10016,2
10017,2
10019,1
10020,2
10021,3
10022,3
10023,3
10024,2
10025,1
10026,1
10027,3
10028,2
10029,2
10030,2
10031,4
10032,3
10035,2
10036,4
10038,2
10039,1
10040,0
10042,2
10044,4
10045,0
10046,0
10047,1
10048,3
10050,1
10051,2
10052,1
10053,1
10054,1
10055,1
10056,3
10057,1
10058,2
10059,2
10060,0
10062,3
10063,3
10064,2
10065,2
10066,0
10068,2
10070,2
10072,1
10073,2
10074,2
10075,2
10076,0
10077,1
10078,2
10079,1
10080,3
10081,3
10082,0
10083,1
10085,4
10086,4
10087,1
10088,3
10090,2
10091,1
10093,3
10094,2
10095,2
10097,2
10098,2
10099,2
10100,2
10101,3
10102,0
10103,1
10105,0
10106,2
10107,1
10110,2
10111,1
10112,1
10113,2
10114,2
10115,0
10116,2
10120,2
10121,1
10122,2
10123,2
10124,1
10125,3
10126,2
10127,3
10128,2
10130,0
10133,2
10134,1
10135,1
10136,2
10137,0
10139,2
10140,1
10141,0
10142,1
10144,2
10145,3
10147,2
10148,2
10150,1
10151,1
10152,4
10153,2
10154,4
10155,2
10156,1
10157,4
10158,4
10159,1
10160,0
10161,1
10162,0
10163,3
10164,2
10165,1
10166,0
10167,2
10168,2
10169,3
10170,2
10171,1
10173,1
10178,1
10179,3
10180,0
10181,1
10183,0
10184,2
10185,2
10186,2
10187,1
10188,2
10189,3
10191,2
10192,2
10194,4
10195,3
10196,3
10197,4
10199,1
10200,1
10201,2
10202,1
10204,3
10205,2
10206,4
10207,0
10208,4
10209,1
10212,3
10213,4
10214,2
10215,2
10216,2
10217,2
10218,2
10219,3
10220,2
10221,1
10222,1
10223,2
10224,2
10226,3
10227,3
10228,2
10229,2
10231,1
10232,1
10233,2
10234,2
10235,0
10236,1
10237,1
10239,2
10240,0
10242,4
10243,4
10246,1
10249,2
10250,4
10251,2
10253,2
10254,2
10255,3
10256,1
10257,2
10258,2
10260,3
10261,3
10262,0
10263,2
10264,1
10265,1
10266,1
10267,2
10268,1
10269,2
10270,2
10271,3
10273,2
10274,1
10275,2
10276,2
10277,2
10278,2
10279,1
10280,1
10281,2
10283,1
10284,2
10285,2
10286,2
10287,3
10288,1
10289,1
10290,1
10291,1
10292,1
10293,0
10294,2
10295,4
10296,3
10297,2
10300,0
10301,2
10302,2
10303,1
10304,0
10305,1
10306,2
10307,3
10308,2
10309,3
10310,2
10311,1
10312,1
10314,3
10315,1
10316,0
10317,4
10318,0
10319,2
10320,4
10321,3
10322,2
10323,3
10324,2
10325,3
10326,3
10327,2
10328,4
10329,3
10330,1
10331,3
10332,2
10333,4
10334,2
10335,3
10336,3
10337,2
10339,2
10340,2
10341,2
10342,0
10343,1
10344,2
10345,2
10346,3
10347,4
10348,0
10351,2
10353,2
10354,2
10355,2
10357,1
10358,3
10360,2
10361,2
10362,3
10364,0
10366,2
10367,2
10368,2
10369,2
10370,2
10371,2
10372,4
10373,0
10374,0
10377,2
10379,2
10382,1
10384,2
10386,1
10387,2
10388,1
10389,4
10390,1
10391,2
10392,1
10393,3
10394,1
10395,2
10396,2
10397,0
10398,1
10399,3
10400,2
10401,4
10402,0
10403,2
10404,2
10405,2
10406,3
10407,1
10408,2
10409,3
10410,2
10411,2
10412,2
10413,1
10414,2
10415,0
10416,3
10417,2
10418,1
10419,1
10420,2
10421,2
10424,4
10425,0
10426,3
10428,4
10429,2
10430,2
10431,1
10433,3
10434,2
10435,2
10436,1
10437,1
10438,2
10439,2
10440,4
10443,2
10444,2
10445,2
10446,1
10447,2
10448,3
10449,4
10453,3
10454,2
10455,2
10456,2
10457,0
10459,0
10460,3
10461,2
10462,1
10463,1
10464,3
10465,4
10466,2
10467,2
10469,0
10470,2
10471,2
10472,4
10473,2
10474,4
10476,0
10477,3
10478,2
10479,2
10480,2
10481,2
10483,1
10484,4
10485,1
10486,2
10488,3
10489,4
10490,1
10491,0
10492,2
10493,0
10494,3
10497,3
10498,1
10499,0
10500,2
10501,2
10502,4
10503,0
10504,3
10506,3
10507,0
10508,2
10511,2
10512,3
10513,2
10515,3
10518,3
10519,2
10520,2
10521,2
10522,4
10524,1
10525,2
10526,0
10527,2
10528,1
10529,3
10530,2
10533,1
10534,1
10536,2
10537,1
10538,1
10540,2
10541,1
10542,4
10544,2
10545,2
10546,2
10547,2
10548,1
10549,2
10550,1
10551,1
10552,2
10553,2
10554,1
10555,0
10556,2
10557,0
10559,3
10562,4
10563,0
10564,2
10565,2
10567,2
10568,1
10569,2
10570,2
10571,2
10572,0
10573,2
10574,1
10575,1
10576,4
10577,2
10578,3
10579,4
10580,3
10582,2
10584,3
10585,3
10586,2
10587,0
10589,4
10590,3
10591,1
10592,1
10593,3
10594,3
10596,2
10597,1
10598,2
10601,0
10603,2
10604,2
10606,2
10607,2
10609,2
10610,2
10611,2
10612,2
10613,2
10614,1
10616,1
10618,2
10619,2
10620,1
10621,1
10622,2
10625,2
10628,4
10629,2
10630,3
10631,2
10632,2
10633,2
10634,2
10635,0
10638,2
10639,1
10641,1
10642,2
10643,2
10644,2
10645,1
10647,2
10648,2
10649,2
10650,1
10651,2
10652,1
10653,2
10654,2
10655,1
10656,3
10657,2
10659,2
10662,2
10663,2
10664,2
10665,2
10667,3
10668,4
10669,0
10670,3
10671,0
10672,4
10673,2
10674,2
10675,2
10676,2
10677,2
10678,1
10680,2
10681,2
10682,4
10683,2
10685,2
10686,0
10687,2
10690,2
10691,2
10693,2
10694,2
10695,4
10696,4
10697,2
10698,4
10699,2
10700,0
10701,1
10702,3
10703,3
10704,2
10706,4
10707,2
10708,0
10709,0
10711,3
10712,4
10713,2
10714,0
10715,1
10716,1
10717,2
10718,3
10719,3
10720,2
10721,3
10722,2
10724,3
10725,3
10726,1
10728,2
10729,0
10730,3
10731,2
10732,4
10733,3
10734,1
10735,1
10736,3
10737,2
10738,3
10739,3
10740,3
10741,2
10742,2
10743,2
10744,1
10746,2
10747,2
10748,2
10749,2
10750,3
10751,2
10752,3
10754,4
10755,3
10756,0
10757,1
10758,4
10761,4
10762,2
10763,3
10764,2
10765,3
10766,2
10768,1
10769,1
10770,3
10771,2
10772,2
10773,1
10774,0
10776,2
10777,2
10778,2
10779,4
10781,1
10782,2
10784,3
10785,0
10786,3
10787,0
10788,1
10790,4
10791,4
10792,0
10793,2
10794,0
10795,3
10796,2
10798,1
10799,3
10800,2
10802,2
10803,2
10804,3
10805,2
10806,2
10807,2
10808,2
10809,2
10810,2
10811,3
10812,1
10813,3
10814,0
10815,1
10816,1
10817,3
10819,2
10821,1
10822,3
10823,2
10825,4
10826,1
10827,2
10828,2
10829,3
10830,1
10831,2
10832,1
10834,1
10835,2
10837,2
10838,2
10839,2
10840,4
10841,0
10842,2
10843,1
10844,1
10845,2
10846,3
10847,2
10848,4
10849,1
10850,2
10851,3
10852,2
10853,0
10854,2
10857,4
10858,2
10860,2
10861,4
10863,3
10864,3
10867,3
10868,2
10871,2
10872,2
10873,2
10874,1
10875,0
10876,4
10877,3
10879,3
10881,2
10882,4
10883,2
10884,0
10885,0
10886,1
10887,3
10888,4
10889,2
10890,0
10891,3
10892,1
10893,2
10894,2
10895,2
10896,2
10897,1
10898,2
10899,0
10900,2
10901,3
10902,3
10903,2
10904,2
10905,1
10906,2
10907,2
10908,2
10910,1
10912,1
10913,4
10914,0
10915,3
10916,1
10917,0
10918,0
10920,4
10921,2
10922,1
10925,2
10927,2
10928,3
10929,1
10931,2
10932,3
10933,2
10934,1
10935,0
10937,2
10939,3
10941,2
10942,1
10943,1
10944,3
10945,4
10946,4
10947,0
10948,1
10949,1
10950,1
10951,2
10952,3
10953,2
10954,3
10955,2
10956,1
10957,0
10958,4
10959,2
10960,2
10961,4
10962,2
10963,2
10964,2
10965,2
10966,2
10967,2
10968,4
10970,2
10971,2
10972,2
10973,0
10974,2
10975,2
10976,0
10977,0
10979,1
10980,2
10981,3
10982,0
10984,3
10985,3
10986,4
10987,0
10988,2
10989,0
10990,4
10991,0
10992,2
10994,4
10995,4
10997,1
10998,1
10999,0
11001,0
11002,0
11003,3
11004,1
11005,2
11006,2
11007,1
11008,2
11009,3
11010,2
11011,2
11012,2
11014,2
11016,2
11017,2
11018,2
11019,0
11021,2
11022,1
11023,1
11024,4
11025,3
11026,1
11027,1
11028,4
11029,2
11030,4
11031,1
11032,2
11033,3
11035,4
11036,3
11037,3
11038,2
11039,4
11040,1
11042,2
11043,4
11044,3
11045,3
11046,2
11047,2
11048,0
11049,0
11050,2
11052,0
11053,0
11054,2
11055,2
11057,2
11058,1
11059,2
11060,2
11062,2
11063,3
11064,2
11065,3
11067,4
11068,1
11069,0
11070,3
11071,1
11072,1
11073,1
11074,2
11075,1
11076,0
11077,2
11079,2
11081,3
11082,2
11083,3
11084,2
11085,1
11086,1
11087,2
11088,1
11089,3
11090,2
11091,0
11092,2
11095,2
11096,4
11097,1
11098,4
11099,4
11101,2
11102,1
11104,2
11105,2
11106,0
11108,4
11109,2
11110,4
11111,2
11112,3
11113,1
11115,2
11116,2
11117,2
11118,1
11119,1
11120,2
11121,4
11122,3
11123,3
11124,2
11125,2
11126,2
11127,4
11128,2
11129,1
11130,1
11131,4
11132,2
11133,2
11135,2
11136,0
11139,3
11140,1
11141,2
11143,4
11145,3
11146,2
11147,1
11148,2
11149,3
11150,1
11151,0
11152,3
11153,2
11154,2
11155,1
11156,2
11157,2
11158,3
11159,2
11160,4
11162,3
11163,2
11164,1
11166,3
11167,4
11168,3
11169,1
11170,1
11171,0
11172,3
11173,1
11174,0
11175,1
11177,1
11178,2
11179,2
11180,2
11181,1
11182,1
11183,2
11184,3
11185,0
11186,0
11187,0
11189,4
11190,1
11191,2
11192,0
11193,2
11194,3
11195,2
11197,3
11198,4
11199,0
11200,4
11201,1
11202,0
11203,2
11204,2
11205,4
11206,2
11207,3
11208,2
11209,1
11210,1
11211,1
11212,4
11213,2
11214,2
11215,2
11216,2
11217,4
11218,2
11219,2
11220,2
11221,2
11222,0
11223,2
11224,1
11225,4
11226,2
11229,2
11230,2
11231,2
11232,0
11233,0
11234,3
11235,1
11236,3
11237,4
11238,3
11239,1
11241,2
11242,2
11243,2
11244,1
11245,1
11247,4
11248,2
11249,4
11251,1
11252,2
11253,1
11254,2
11255,0
11256,1
11258,2
11259,1
11260,2
11261,2
11262,1
11263,1
11264,3
11265,1
11266,4
11267,3
11268,1
11269,3
11270,3
11271,0
11272,2
11273,2
11275,3
11276,2
11277,2
11278,0
11279,3
11280,0
11281,2
11282,2
11283,1
11284,3
11285,3
11287,2
11288,3
11289,2
11290,2
11291,2
11292,0
11293,1
11294,3
11295,3
11296,2
11298,2
11299,4
11300,4
11301,1
11302,2
11303,4
11304,4
11306,0
11307,3
11308,2
11309,4
11310,1
11311,1
11312,3
11313,2
11314,1
11315,3
11316,1
11318,2
11321,2
11322,3
11323,0
11324,1
11325,2
11326,1
11327,2
11328,1
11329,4
11330,1
11331,1
11332,2
11333,3
11334,3
11335,3
11336,1
11337,1
11338,3
11339,2
11340,1
11341,2
11342,2
11343,2
11344,4
11345,1
11346,1
11347,1
11349,2
11350,1
11351,4
11352,2
11353,2
11354,2
11355,1
11356,2
11360,0
11361,4
11362,2
11363,1
11364,4
11365,0
11366,2
11367,2
11369,2
11370,3
11373,0
11374,4
11375,1
11376,2
11377,3
11378,0
11379,0
11380,4
11381,2
11382,2
11383,2
11384,4
11385,1
11386,1
11387,1
11388,2
11390,1
11391,2
11392,2
11393,2
11394,2
11395,1
11396,2
11398,1
11399,3
11400,2
11401,2
11403,0
11404,2
11405,2
11406,0
11409,2
11410,3
11411,3
11412,0
11413,2
11414,3
11415,2
11416,4
11417,2
11418,3
11419,3
11420,3
11421,1
11422,0
11424,4
11425,2
11426,1
11427,3
11428,2
11429,2
11430,1
11431,3
11433,2
11434,0
11435,2
11437,2
11438,2
11439,3
11440,1
11441,3
11442,1
11443,2
11444,0
11445,2
11446,1
11447,2
11448,2
11449,2
11450,2
11451,3
11452,1
11453,1
11454,0
11456,3
11457,1
11458,1
11460,4
11461,4
11462,2
11463,2
11464,0
11466,2
11467,4
11468,2
11469,1
11471,2
11472,1
11473,2
11474,4
11476,2
11478,1
11479,2
11480,1
11481,2
11482,2
11483,2
11484,3
11485,0
11486,2
11488,3
11489,0
11490,2
11491,2
11493,1
11494,2
11496,0
11497,3
11498,2
11499,1
11500,1
11501,4
11502,3
11503,2
11504,2
11505,1
11506,2
11509,2
11511,1
11512,2
11513,2
11514,1
11515,2
11516,1
11517,2
11518,3
11519,3
11520,2
11521,4
11522,4
11523,3
11524,0
11525,1
11526,4
11527,2
11529,1
11531,3
11532,2
11533,2
11534,1
11536,0
11537,2
11538,0
11539,2
11540,2
11541,1
11542,2
11544,2
11545,2
11546,1
11547,2
11548,2
11549,1
11550,3
11551,1
11552,3
11553,1
11554,2
11556,3
11557,4
11558,4
11559,2
11560,3
11561,1
11562,2
11563,4
11564,0
11565,2
11566,1
11567,2
11568,1
11569,0
11570,2
11571,1
11572,2
11573,1
11574,4
11575,2
11576,2
11577,3
11578,1
11579,2
11580,2
11582,2
11585,1
11586,1
11587,2
11588,0
11589,3
11590,3
11591,2
11593,2
11594,2
11595,2
11596,2
11597,0
11598,0
11599,0
11601,1
11603,2
11604,2
11605,2
11606,1
11607,4
11609,4
11610,3
11611,2
11612,0
11614,3
11615,2
11616,0
11617,2
11621,3
11622,2
11623,3
11624,0
11626,3
11627,0
11628,2
11629,0
11631,2
11632,1
11633,0
11634,2
11635,0
11636,3
11637,1
11638,3
11639,2
11640,2
11641,1
11642,2
11643,1
11644,0
11645,2
11646,2
11647,2
11648,3
11649,3
11650,2
11651,0
11652,2
11653,4
11654,4
11655,2
11656,1
11657,1
11658,1
11661,1
11662,2
11663,2
11664,1
11665,2
11666,4
11667,2
11669,0
11671,3
11672,0
11673,1
11674,1
11676,2
11677,2
11678,1
11679,2
11681,1
11684,3
11685,4
11686,1
11687,4
11688,3
11691,3
11692,2
11694,0
11696,2
11697,4
11698,4
11699,3
11700,0
11701,2
11702,1
11704,2
11705,2
11706,3
11707,2
11708,1
11709,2
11710,0
11712,4
11713,1
11714,1
11715,2
11716,2
11718,2
11719,2
11720,4
11723,0
11724,1
11725,0
11726,1
11728,2
11729,0
11730,2
11731,1
11732,4
11733,3
11734,0
11735,0
11736,2
11737,3
11738,2
11739,0
11740,4
11741,1
11743,2
11744,0
11745,2
11746,1
11747,2
11748,0
11749,3
11751,1
11752,2
11755,1
11756,2
11757,0
11758,0
11759,2
11760,1
11761,3
11762,1
11763,2
11764,1
11766,4
11768,2
11769,2
11770,2
11771,2
11772,2
11773,2
11775,3
11776,3
11778,2
11779,2
11780,2
11782,0
11783,0
11785,1
11786,0
11787,1
11788,4
11789,1
11791,3
11792,1
11793,3
11796,3
11797,2
11798,0
11799,2
11800,4
11801,4
11802,1
11803,1
11804,3
11805,2
11807,1
11809,4
11811,2
11812,2
11814,3
11815,0
11816,2
11817,3
11818,2
11820,2
11821,4
11822,0
11823,3
11824,4
11825,2
11826,1
11827,2
11828,2
11829,1
11830,2
11832,3
11833,1
11835,4
11836,2
11837,3
11838,2
11839,0
11840,3
11841,0
11843,2
11844,2
11845,4
11846,2
11847,1
11848,1
11849,2
11851,2
11852,2
11853,1
11854,2
11855,2
11856,2
11857,2
11858,2
11859,3
11860,2
11861,3
11862,0
11864,1
11865,2
11867,2
11868,1
11869,3
11870,1
11871,3
11873,1
11874,3
11875,3
11876,2
11877,2
11879,2
11880,2
11881,1
11882,4
11883,4
11884,3
11885,2
11886,0
11888,3
11889,0
11890,0
11891,2
11892,3
11893,0
11894,0
11896,2
11897,0
11898,0
11899,2
11901,1
11902,2
11903,2
11904,0
11905,4
11906,1
11907,2
11908,0
11909,0
11910,3
11912,3
11914,3
11915,4
11916,2
11918,4
11919,1
11920,2
11921,3
11922,2
11923,0
11924,2
11925,1
11926,2
11927,2
11928,1
11929,3
11930,1
11931,2
11932,3
11933,3
11934,1
11935,1
11936,1
11938,3
11939,2
11940,3
11941,1
11943,2
11944,1
11945,3
11946,0
11947,1
11948,2
11950,0
11951,3
11952,2
11953,2
11955,1
11957,2
11958,1
11959,2
11960,2
11961,0
11962,2
11963,4
11964,2
11965,1
11966,2
11967,2
11968,4
11969,2
11970,1
11972,2
11973,2
11974,0
11975,0
11976,2
11978,2
11980,2
11981,4
11982,3
11983,2
11985,0
11986,3
11988,1
11990,2
11991,2
11993,4
11994,2
11995,2
11996,0
11997,2
11998,2
11999,2
12000,2
12001,4
12002,2
12004,3
12005,2
12006,2
12007,2
12008,0
12009,3
12010,2
12011,3
12013,1
12015,2
12016,0
12017,2
12018,3
12019,2
12020,1
12021,1
12023,3
12025,2
12026,4
12028,3
12029,1
12030,2
12031,2
12032,2
12033,0
12034,2
12035,2
12036,3
12037,0
12039,1
12040,4
12041,2
12042,2
12043,3
12045,2
12046,2
12047,2
12048,2
12049,2
12050,2
12051,2
12052,2
12053,2
12056,2
12057,3
12059,3
12060,2
12061,1
12062,1
12063,2
12064,2
12065,0
12066,0
12067,3
12068,3
12069,2
12071,1
12073,1
12074,3
12075,3
12077,0
12078,4
12079,0
12080,0
12081,2
12082,2
12083,1
12084,2
12085,1
12086,1
12087,2
12088,1
12089,4
12090,1
12091,1
12092,4
12094,1
12096,3
12097,2
12099,3
12100,2
12101,2
12102,1
12103,1
12104,0
12106,3
12107,1
12109,2
12110,1
12111,2
12112,2
12113,1
12114,2
12115,3
12116,4
12117,2
12118,2
12119,4
12120,1
12121,2
12122,2
12123,3
12126,2
12127,1
12128,0
12130,1
12131,3
12133,0
12134,1
12135,2
12136,0
12138,2
12140,1
12142,2
12143,2
12144,2
12145,2
12146,2
12147,3
12148,3
12149,3
12151,0
12152,1
12153,1
12154,3
12155,1
12156,0
12157,1
12158,1
12159,2
12160,3
12161,1
12162,4
12163,1
12166,2
12167,1
12169,2
12170,2
12172,2
12173,2
12174,3
12176,2
12177,1
12178,2
12179,3
12180,4
12182,3
12183,2
12186,3
12187,2
12188,1
12189,2
12191,3
12192,2
12193,2
12194,3
12195,2
12196,2
12198,1
12199,1
12201,1
12202,1
12203,3
12204,4
12205,0
12206,2
12209,4
12210,1
12211,0
12213,0
12215,1
12216,2
12218,2
12219,2
12220,2
12221,0
12222,0
12223,2
12224,3
12225,2
12226,0
12227,1
12229,2
12231,3
12233,2
12234,4
12237,1
12238,1
12239,2
12240,3
12241,2
12242,2
12244,1
12245,2
12246,2
12247,2
12248,2
12249,3
12250,0
12251,3
12252,2
12253,0
12254,4
12255,2
12256,3
12257,1
12259,2
12260,2
12261,1
12262,2
12263,1
12264,1
12267,2
12269,1
12270,2
12273,0
12274,2
12275,2
12276,2
12277,1
12279,4
12280,0
12281,2
12282,1
12283,2
12285,2
12286,1
12288,2
12290,0
12292,2
12293,3
12294,0
12295,1
12296,2
12297,2
12298,3
12299,1
12302,3
12303,3
12304,2
12305,1
12307,2
12309,2
12310,2
12311,2
12313,1
12314,2
12315,3
12316,3
12317,2
12320,3
12321,2
12322,3
12323,3
12324,2
12325,3
12326,1
12327,2
12328,0
12330,1
12331,2
12332,1
12333,3
12336,2
12337,2
12339,0
12340,1
12342,0
12343,3
12344,2
12345,1
12346,1
12347,3
12348,1
12349,2
12350,1
12351,1
12352,3
12353,4
12355,2
12356,0
12357,1
12358,4
12359,3
12360,2
12361,2
12362,3
12363,2
12364,1
12365,2
12366,1
12367,2
12368,4
12371,1
12372,1
12375,3
12378,2
12379,2
12380,0
12381,2
12382,3
12383,2
12384,2
12385,0
12388,1
12389,0
12390,3
12391,4
12392,2
12393,4
12394,3
12395,2
12396,2
12397,1
12398,2
12399,2
12400,1
12401,2
12402,1
12403,2
12404,3
12405,1
12406,2
12407,2
12408,1
12409,2
12410,2
12411,3
12412,2
12413,4
12414,2
12415,4
12417,2
12418,2
12419,3
12420,0
12421,3
12424,3
12426,2
12428,2
12429,0
12432,2
12434,1
12435,0
12436,2
12437,2
12438,2
12439,2
12440,2
12441,1
12442,0
12443,2
12444,3
12446,2
12447,4
12448,1
12450,0
12451,2
12452,0
12453,3
12454,1
12455,1
12456,1
12457,2
12461,2
12462,2
12463,2
12465,1
12466,3
12467,1
12468,2
12470,0
12471,2
12472,2
12473,1
12474,1
12475,2
12477,2
12478,2
12479,3
12480,0
12481,3
12484,0
12485,1
12487,2
12488,2
12489,1
12490,2
12491,2
12492,0
12493,2
12495,2
12496,2
12497,4
12498,0
12499,1
12500,3
12502,2
12503,2
12504,4
12505,0
12506,3
12508,0
12509,3
12510,2
12511,2
12513,4
12514,0
12515,1
12516,2
12517,1
12519,2
12520,2
12524,2
12526,1
12530,2
12531,2
12532,2
12535,2
12537,0
12538,2
12539,3
12540,2
12541,2
12542,2
12543,1
12544,2
12545,3
12546,2
12547,2
12548,1
12549,3
12550,4
12552,2
12554,1
12555,2
12556,0
12557,1
12560,2
12561,1
12562,0
12563,3
12564,3
12565,2
12566,3
12568,1
12569,4
12570,3
12572,2
12573,2
12574,3
12575,2
12576,2
12577,3
12578,0
12579,0
12580,1
12582,1
12583,1
12584,2
12585,2
12586,3
12587,2
12588,3
12589,2
12590,2
12591,4
12592,1
12593,2
12594,2
12595,2
12596,2
12597,2
12598,2
12600,2
12602,1
12603,2
12605,2
12606,3
12607,2
12608,2
12609,2
12610,0
12611,1
12612,2
12614,2
12615,1
12616,2
12617,0
12618,4
12619,3
12620,2
12621,4
12623,1
12624,4
12625,3
12626,0
12627,2
12628,1
12629,3
12631,2
12632,0
12633,4
12634,2
12635,1
12636,3
12638,2
12639,2
12640,1
12642,2
12644,4
12645,0
12646,2
12647,1
12648,2
12649,0
12650,3
12652,1
12653,3
12654,2
12655,4
12656,1
12657,2
12659,3
12660,2
12661,0
12663,3
12664,2
12665,1
12666,2
12667,2
12668,2
12670,2
12671,2
12672,2
12673,0
12674,1
12675,2
12677,2
12678,3
12679,3
12681,2
12684,1
12685,3
12686,2
12687,4
12689,3
12691,1
12692,0
12693,3
12694,2
12695,1
12696,0
12698,1
12700,4
12701,1
12702,1
12703,2
12704,2
12705,2
12706,3
12707,0
12709,2
12710,2
12711,3
12712,0
12713,3
12714,4
12715,2
12717,4
12720,1
12721,0
12722,3
12724,2
12725,2
12726,2
12727,2
12728,3
12729,3
12730,3
12731,3
12732,2
12733,2
12734,2
12738,0
12739,0
12740,1
12742,0
12745,1
12746,2
12747,2
12748,3
12749,2
12750,1
12751,2
12752,1
12754,4
12756,0
12757,0
12758,1
12760,1
12761,2
12763,1
12764,1
12765,2
12766,3
12767,2
12768,2
12769,3
12770,2
12771,1
12772,4
12773,2
12774,0
12775,1
12776,1
12778,2
12779,2
12781,4
12782,2
12783,3
12784,1
12785,0
12786,3
12787,1
12788,2
12789,2
12790,3
12791,2
12792,1
12793,4
12794,1
12795,2
12796,1
12797,1
12798,3
12799,0
12800,2
12801,2
12803,4
12804,2
12805,2
12806,0
12808,2
12809,2
12810,3
12811,3
12813,4
12814,1
12815,1
12817,2
12818,2
12819,1
12820,1
12821,3
12823,1
12824,0
12825,2
12826,2
12827,2
12828,2
12829,2
12831,1
12832,2
12833,2
12834,3
12835,2
12836,2
12838,2
12839,4
12840,1
12842,2
12843,2
12844,3
12845,4
12846,2
12847,3
12848,2
12849,0
12850,1
12851,0
12853,0
12854,1
12856,1
12857,2
12858,2
12859,2
12860,2
12861,2
12862,1
12863,2
12864,2
12865,2
12866,0
12867,4
12868,0
12869,0
12871,2
12872,2
12874,2
12876,2
12877,1
12879,1
12880,4
12884,1
12885,4
12886,1
12888,2
12889,0
12890,2
12891,1
12892,1
12893,1
12895,2
12898,2
12899,2
12902,2
12903,1
12904,2
12905,3
12906,2
12907,2
12908,1
12912,2
12914,2
12915,3
12916,3
12917,0
12918,0
12919,3
12920,2
12921,2
12924,2
12925,1
12926,2
12927,1
12928,1
12930,0
12931,1
12932,4
12934,3
12935,4
12936,1
12938,1
12940,4
12941,2
12943,1
12944,0
12945,2
12946,2
12947,0
12948,2
12949,3
12950,4
12951,2
12952,4
12954,3
12955,2
12956,3
12957,0
12959,4
12960,2
12961,2
12962,2
12964,0
12965,2
12966,3
12967,3
12968,0
12969,2
12970,2
12971,1
12972,3
12973,2
12974,2
12976,4
12977,2
12982,1
12983,2
12984,2
12985,4
12987,0
12989,3
12990,4
12991,2
12992,4
12993,0
12994,2
12995,0
12997,1
12998,2
12999,2
13000,4
13001,1
13002,2
13003,2
13004,2
13005,3
13006,2
13007,0
13008,0
13010,0
13011,1
13012,3
13014,1
13017,3
13018,1
13020,2
13022,4
13023,1
13025,1
13026,2
13027,2
13028,2
13029,1
13030,2
13032,2
13033,1
13034,1
13036,2
13037,3
13038,1
13040,2
13041,1
13042,1
13043,4
13044,2
13045,1
13046,2
13047,2
13048,4
13049,1
13051,2
13052,2
13054,2
13055,2
13057,2
13058,1
13059,1
13060,2
13061,2
13062,2
13063,2
13064,1
13065,2
13066,2
13067,2
13068,1
13069,2
13070,0
13071,0
13072,2
13073,2
13074,1
13075,3
13076,1
13077,2
13078,2
13079,2
13080,2
13081,2
13082,2
13083,2
13084,3
13085,4
13086,2
13087,2
13089,1
13090,2
13091,4
13093,2
13094,2
13095,0
13096,0
13097,0
13098,1
13100,3
13101,0
13102,2
13103,0
13104,2
13105,3
13106,3
13107,2
13108,1
13109,3
13110,2
13111,2
13112,4
13114,3
13115,2
13116,4
13117,3
13118,1
13119,2
13120,2
13122,2
13123,2
13124,2
13125,3
13126,0
13127,2
13128,4
13129,0
13130,4
13131,4
13132,2
13133,2
13134,4
13135,1
13136,3
13137,3
13138,2
13139,2
13140,1
13141,2
13143,2
13144,2
13145,2
13146,1
13147,4
13149,1
13150,3
13151,1
13152,1
13153,0
13154,2
13156,3
13157,1
13158,2
13159,3
13161,1
13162,4
13163,3
13165,2
13166,2
13167,0
13168,3
13169,2
13172,1
13173,2
13174,1
13175,2
13176,1
13177,0
13178,1
13180,2
13181,2
13183,3
13184,2
13185,1
13186,3
13187,1
13188,2
13189,2
13190,2
13191,2
13192,2
13194,2
13195,4
13196,4
13197,2
13198,0
13199,4
13201,2
13202,1
13203,2
13204,1
13205,2
13208,4
13209,1
13210,2
13211,0
13212,4
13213,2
13214,1
13215,0
13217,1
13219,2
13220,1
13222,2
13224,3
13225,1
13226,3
13227,3
13229,2
13230,2
13231,2
13232,1
13233,4
13234,1
13235,1
13236,4
13239,2
13240,2
13241,1
13242,4
13244,2
13245,1
13246,1
13247,0
13248,3
13249,3
13250,2
13252,4
13253,1
13254,3
13255,0
13256,3
13257,1
13258,3
13259,1
13260,2
13262,2
13263,1
13264,1
13265,1
13266,2
13268,1
13269,1
13270,2
13271,2
13272,2
13273,1
13274,2
13276,1
13277,2
13279,0
13280,2
13283,1
13284,3
13285,2
13286,4
13287,4
13288,2
13289,2
13290,2
13292,1
13293,2
13294,2
13295,2
13296,0
13297,3
13298,2
13299,2
13300,2
13301,2
13302,4
13303,3
13304,2
13305,4
13307,3
13308,1
13309,1
13310,3
13313,1
13314,1
13315,2
13316,1
13318,1
13320,1
13321,2
13323,0
13324,4
13325,2
13326,2
13327,1
13328,2
13329,0
13330,1
13332,1
13333,1
13334,2
13335,4
13336,2
13337,1
13338,1
13340,0
13341,0
13342,3
13343,3
13344,1
13346,3
13347,2
13348,2
13349,2
13350,3
13352,2
13353,2
13354,4
13357,1
13358,2
13360,1
13361,2
13362,4
13364,0
13365,3
13366,1
13367,1
13368,2
13369,1
13370,0
13371,0
13372,2
13373,1
13374,1
13375,2
13377,0
13378,2
13379,1
13380,2
13381,0
13384,2
13385,2
13386,1
13387,1
13388,1
13389,4
13390,2
13391,3
13392,0
13393,3
13394,2
13395,2
13396,2
13397,2
13398,2
13399,0
13401,0
13403,3
13404,1
13405,2
13406,2
13408,1
13410,2
13412,1
13413,2
13414,1
13415,1
13416,4
13417,2
13418,2
13419,4
13420,2
13421,2
13422,2
13424,1
13425,1
13426,2
13427,2
13428,2
13429,2
13430,2
13431,4
13433,0
13434,1
13436,1
13437,3
13438,1
13439,2
13440,3
13441,1
13442,3
13443,2
13444,2
13445,0
13446,2
13447,2
13448,1
13449,3
13450,0
13451,2
13453,2
13455,1
13456,2
13457,1
13458,1
13461,1
13462,2
13463,3
13464,1
13465,2
13467,1
13468,2
13469,2
13470,1
13471,2
13472,3
13473,2
13474,1
13476,4
13477,2
13479,2
13480,2
13481,3
13482,3
13483,2
13484,2
13485,2
13486,2
13487,3
13488,0
13489,2
13490,0
13493,2
13495,2
13496,1
13497,1
13498,1
13499,2
13500,1
13501,2
13502,2
13503,2
13505,2
13506,2
13509,1
13510,2
13513,0
13514,2
13515,3
13516,1
13518,2
13519,2
13521,3
13522,2
13523,3
13524,1
13525,0
13526,3
13527,3
13528,2
13529,2
13530,1
13531,1
13533,2
13534,2
13535,3
13536,4
13537,1
13538,3
13539,2
13540,1
13541,3
13544,0
13545,4
13546,3
13547,4
13548,1
13549,3
13550,3
13552,2
13553,3
13554,1
13556,1
13557,4
13558,2
13559,1
13560,1
13561,2
13562,4
13563,3
13564,1
13565,2
13568,2
13569,2
13570,2
13571,1
13573,3
13574,3
13575,2
13576,2
13579,3
13580,2
13582,1
13583,2
13584,1
13585,3
13586,1
13587,2
13588,2
13590,2
13592,4
13593,1
13594,3
13596,2
13597,0
13599,1
13600,1
13601,2
13602,2
13603,2
13604,4
13605,2
13606,2
13607,1
13609,0
13610,2
13611,2
13612,3
13614,1
13615,2
13616,4
13618,2
13620,2
13621,2
13623,1
13625,2
13626,2
13627,4
13628,2
13629,2
13630,1
13631,2
13632,2
13633,3
13634,2
13635,1
13636,3
13638,2
13640,2
13641,2
13642,2
13643,3
13644,3
13645,2
13647,1
13648,2
13649,3
13650,2
13651,3
13652,3
13654,2
13655,4
13656,1
13658,2
13659,2
13660,3
13661,0
13662,0
13663,2
13664,1
13665,0
13666,2
13668,0
13669,1
13671,2
13672,1
13673,3
13674,1
13675,0
13676,3
13677,3
13679,1
13680,2
13681,2
13682,1
13683,2
13686,3
13687,0
13688,4
13689,1
13690,2
13691,2
13692,1
13693,2
13694,1
13695,1
13696,2
13697,2
13698,2
13699,1
13700,2
13701,3
13703,1
13704,1
13705,2
13706,2
13708,3
13709,2
13710,2
13711,2
13713,2
13714,2
13715,2
13716,1
13717,2
13720,1
13721,0
13723,2
13724,2
13725,1
13726,1
13727,2
13729,3
13730,3
13731,0
13732,1
13733,0
13734,2
13735,2
13736,0
13737,1
13738,1
13739,2
13740,1
13741,2
13742,2
13743,4
13744,2
13745,4
13746,0
13747,2
13750,2
13752,1
13753,2
13754,1
13755,2
13756,3
13758,1
13759,3
13760,3
13761,1
13762,2
13763,2
13764,1
13765,1
13767,3
13768,3
13771,1
13772,2
13773,1
13774,3
13775,2
13777,1
13778,4
13779,2
13780,2
13782,1
13783,1
13784,2
13785,2
13789,2
13790,2
13792,1
13793,1
13794,2
13796,1
13797,4
13798,2
13799,2
13800,0
13801,3
13802,1
13803,1
13804,2
13805,2
13806,2
13807,3
13809,1
13810,0
13811,2
13812,3
13813,3
13814,2
13815,1
13816,2
13817,2
13819,0
13820,2
13821,3
13822,2
13823,1
13825,2
13826,2
13827,2
13828,2
13830,0
13831,2
13832,2
13833,1
13834,2
13837,3
13839,1
13840,0
13841,1
13842,3
13843,1
13844,1
13845,4
13846,2
13847,2
13848,2
13849,3
13850,2
13851,1
13852,1
13853,0
13854,4
13855,2
13856,2
13857,3
13858,1
13859,2
13860,2
13861,2
13862,1
13863,1
13865,2
13866,2
13867,3
13868,2
13869,0
13870,4
13871,1
13872,1
13873,1
13874,2
13875,0
13876,0
13877,0
13878,2
13880,3
13881,1
13882,3
13883,2
13884,2
13885,0
13886,1
13887,2
13889,1
13890,2
13891,0
13894,1
13895,0
13896,2
13897,2
13898,2
13899,2
13900,2
13901,2
13902,2
13903,2
13904,4
13905,0
13906,1
13908,3
13909,2
13910,1
13911,3
13912,2
13913,2
13915,1
13916,1
13917,2
13919,2
13920,1
13921,2
13923,1
13924,3
13925,1
13926,1
13927,0
13928,0
13930,4
13931,2
13932,1
13934,2
13935,1
13936,2
13937,1
13938,2
13939,1
13941,1
13942,2
13943,2
13944,1
13945,2
13946,4
13947,2
13949,1
13951,2
13952,2
13953,0
13954,0
13955,2
13956,3
13957,0
13958,2
13959,2
13960,2
13961,4
13962,1
13963,2
13964,1
13965,2
13966,2
13967,1
13968,2
13969,2
13970,4
13971,2
13972,2
13973,1
13974,0
13975,2
13976,3
13977,2
13978,2
13979,3
13980,2
13981,4
13982,2
13983,2
13985,1
13987,1
13989,3
13990,4
13991,1
13992,1
13994,3
13995,2
13996,4
13998,3
13999,0
14001,2
14002,3
14003,3
14004,4
14005,2
14006,3
14007,0
14008,4
14009,3
14010,0
14011,1
14012,2
14013,1
14015,4
14016,2
14017,1
14018,3
14019,3
14020,2
14021,0
14022,3
14024,3
14025,2
14026,2
14027,2
14028,4
14029,3
14030,2
14031,1
14033,2
14034,2
14035,2
14037,2
14038,2
14041,1
14042,2
14043,2
14044,3
14046,1
14047,2
14048,3
14049,3
14050,1
14051,1
14052,2
14055,3
14056,2
14057,1
14058,0
14059,2
14060,4
14061,3
14063,2
14064,3
14065,4
14066,2
14067,2
14068,2
14069,1
14070,4
14071,2
14072,3
14073,3
14074,4
14077,2
14079,2
14080,3
14081,2
14083,2
14084,1
14085,2
14087,2
14088,2
14089,3
14092,4
14093,1
14095,1
14096,2
14097,1
14098,3
14099,2
14100,3
14101,2
14102,1
14103,2
14104,1
14105,2
14106,1
14107,2
14109,0
14110,4
14111,2
14112,2
14113,4
14115,2
14116,1
14117,2
14119,3
14121,0
14123,1
14124,2
14125,2
14126,2
14127,2
14128,2
14129,4
14130,2
14131,2
14133,2
14134,2
14136,1
14137,0
14138,3
14139,0
14140,1
14141,4
14142,2
14143,3
14144,2
14145,2
14146,0
14147,2
14148,2
14149,1
14151,1
14152,1
14153,1
14154,2
14155,3
14156,1
14157,2
14158,0
14159,2
14160,3
14163,0
14164,0
14165,2
14166,3
14167,2
14168,3
14170,1
14171,1
14174,2
14175,0
14176,2
14177,1
14179,0
14181,2
14182,2
14184,1
14185,2
14186,0
14189,3
14190,2
14191,2
14192,2
14193,2
14194,2
14195,0
14196,3
14197,2
14198,2
14199,1
14201,0
14202,1
14203,2
14204,0
14205,3
14206,3
14208,2
14209,0
14210,2
14211,4
14212,4
14213,1
14215,3
14217,0
14218,2
14219,0
14220,3
14223,2
14224,1
14225,0
14226,2
14227,2
14229,2
14231,2
14234,0
14235,2
14236,1
14239,2
14240,0
14241,4
14242,0
14244,4
14246,1
14247,1
14248,2
14249,4
14250,4
14252,2
14253,2
14255,2
14256,2
14257,1
14259,1
14260,1
14261,2
14262,2
14263,2
14264,2
14265,1
14267,1
14268,0
14269,2
14270,0
14271,1
14272,1
14274,4
14275,2
14276,2
14277,0
14278,2
14279,3
14281,0
14285,4
14286,2
14287,1
14289,1
14290,0
14291,3
14292,2
14293,3
14294,2
14296,2
14297,4
14298,1
14299,2
14300,2
14301,2
14302,2
14303,3
14304,3
14305,1
14306,3
14307,1
14308,2
14309,4
14310,2
14311,2
14312,1
14313,1
14314,1
14315,2
14316,0
14317,2
14318,2
14319,1
14320,2
14321,4
14323,1
14324,0
14325,2
14326,3
14327,2
14329,0
14330,2
14331,3
14332,0
14334,2
14336,2
14338,2
14340,1
14341,1
14342,2
14343,1
14344,1
14347,4
14348,1
14349,0
14350,2
14351,2
14352,1
14353,2
14354,2
14355,1
14356,1
14357,2
14358,3
14359,4
14360,2
14361,2
14362,2
14363,0
14364,1
14366,0
14367,2
14368,2
14369,1
14370,2
14371,2
14372,3
14373,2
14374,2
14375,2
14376,1
14377,2
14378,2
14379,1
14380,3
14381,2
14382,1
14384,2
14385,3
14388,0
14389,2
14390,0
14391,2
14392,1
14394,3
14395,1
14396,1
14398,0
14399,2
14400,2
14402,0
14404,1
14405,1
14406,2
14407,2
14408,1
14409,4
14410,4
14411,0
14412,1
14413,1
14414,4
14415,2
14416,0
14417,3
14418,4
14419,2
14420,2
14421,2
14422,1
14423,0
14424,4
14425,2
14426,1
14427,1
14428,2
14429,2
14430,1
14431,3
14432,0
14433,0
14434,2
14435,2
14436,2
14437,1
14438,3
14439,2
14441,3
14442,0
14443,0
14444,1
14445,2
14446,3
14448,1
14449,0
14450,3
14451,2
14453,3
14454,2
14455,2
14457,2
14458,1
14459,2
14460,2
14461,2
14463,1
14464,0
14466,2
14467,3
14469,2
14473,3
14474,3
14475,2
14476,3
14477,2
14478,2
14479,2
14480,0
14481,2
14482,3
14483,2
14484,2
14485,2
14487,2
14488,2
14489,1
14490,4
14491,2
14492,2
14493,3
14494,2
14495,2
14496,3
14497,0
14498,2
14499,2
14500,1
14501,2
14502,2
14503,2
14504,0
14506,1
14507,2
14508,2
14509,2
14510,0
14511,2
14512,2
14514,4
14515,2
14516,0
14518,2
14519,0
14520,0
14521,2
14522,2
14523,4
14526,1
14527,2
14528,2
14530,0
14531,2
14532,1
14533,2
14534,2
14536,3
14537,1
14539,4
14541,2
14542,2
14543,2
14545,2
14546,1
14547,2
14548,2
14549,1
14550,2
14551,2
14552,3
14553,0
14554,0
14556,2
14557,4
14558,1
14559,2
14560,2
14561,2
14562,2
14564,0
14565,2
14566,2
14567,1
14568,1
14570,2
14571,1
14572,3
14573,3
14574,1
14576,1
14577,2
14578,2
14579,2
14580,3
14581,3
14582,2
14583,1
14584,2
14585,4
14586,2
14587,3
14588,2
14589,2
14590,3
14591,2
14592,1
14594,2
14595,3
14596,2
14597,1
14598,0
14600,1
14602,4
14603,2
14604,4
14605,2
14607,1
14608,4
14609,2
14611,3
14612,2
14613,2
14614,3
14615,2
14616,1
14617,1
14618,2
14619,2
14621,2
14622,1
14623,1
14624,2
14625,2
14626,2
14627,4
14628,3
14629,2
14630,3
14631,2
14632,4
14633,1
14635,4
14637,2
14638,0
14640,0
14641,2
14642,0
14643,2
14646,1
14647,2
14649,2
14650,2
14651,1
14652,3
14654,4
14655,1
14656,2
14657,1
14659,2
14660,3
14661,4
14663,3
14664,0
14665,2
14666,1
14667,2
14668,1
14669,3
14670,2
14671,4
14673,2
14675,3
14676,2
14677,1
14678,2
14679,2
14680,2
14681,3
14682,2
14684,3
14685,2
14686,1
14687,0
14688,2
14690,3
14691,2
14693,2
14694,2
14695,0
14696,2
14697,2
14698,0
14700,2
14701,1
14703,1
14704,1
14705,1
14706,1
14707,2
14708,2
14709,2
14712,3
14713,1
14714,2
14716,2
14717,1
14718,2
14719,4
14721,3
14723,2
14724,2
14725,2
14726,2
14729,2
14730,2
14731,2
14732,2
14733,3
14734,1
14735,2
14736,1
14737,2
14738,2
14740,2
14741,3
14742,1
14743,2
14744,3
14745,1
14746,2
14747,0
14748,1
14749,2
14750,1
14751,1
14752,0
14753,1
14754,2
14755,3
14756,1
14757,1
14758,4
14759,4
14760,4
14761,2
14762,1
14763,0
14765,0
14766,1
14767,1
14768,0
14769,0
14770,3
14771,4
14772,0
14774,3
14775,2
14776,2
14777,3
14778,1
14779,1
14780,4
14781,1
14782,2
14783,2
14784,2
14787,2
14788,0
14789,2
14791,1
14792,2
14793,1
14794,3
14796,2
14797,2
14798,2
14800,3
14802,2
14803,2
14804,1
14806,2
14807,2
14808,3
14809,2
14810,3
14811,1
14813,2
14814,2
14815,1
14816,1
14818,1
14819,1
14820,3
14821,2
14822,0
14823,2
14824,2
14825,2
14826,2
14828,3
14829,2
14830,1
14831,4
14832,2
14833,2
14834,0
14835,1
14836,0
14837,3
14838,2
14839,3
14840,0
14841,1
14843,3
14844,2
14846,2
14847,0
14848,1
14849,2
14850,1
14851,4
14853,2
14854,2
14855,3
14856,2
14857,2
14858,4
14859,2
14860,1
14861,2
14862,0
14864,3
14865,2
14866,2
14867,1
14868,3
14869,1
14870,2
14871,3
14872,0
14874,2
14875,0
14876,2
14877,4
14878,2
14879,1
14880,1
14881,1
14883,3
14885,3
14886,1
14887,2
14888,1
14889,4
14890,3
14891,0
14892,2
14893,2
14894,2
14895,3
14896,1
14897,3
14898,0
14899,4
14900,2
14902,0
14903,2
14904,2
14906,2
14907,2
14909,2
14911,1
14912,1
14913,0
14915,4
14916,2
14917,2
14918,2
14919,2
14920,2
14921,3
14922,3
14923,0
14924,3
14926,2
14927,1
14928,2
14929,4
14932,4
14933,3
14935,2
14937,1
14938,0
14940,3
14942,2
14943,2
14944,4
14945,2
14946,2
14947,3
14948,2
14949,3
14951,1
14952,3
14953,3
14955,3
14956,2
14957,0
14959,3
14960,2
14962,3
14963,2
14964,0
14966,0
14967,2
14968,2
14971,2
14972,2
14973,1
14974,1
14975,3
14976,2
14977,2
14978,4
14979,2
14980,1
14981,0
14982,1
14983,2
14984,0
14985,1
14986,2
14987,2
14988,1
14990,3
14991,3
14992,4
14993,2
14995,0
14996,1
14997,2
14999,0
15000,2
15001,2
15002,2
15003,2
15004,2
15007,2
15008,2
15009,3
15010,2
15011,0
15012,2
15014,4
15015,2
15016,2
15017,3
15019,4
15020,1
15023,2
15024,2
15025,2
15026,1
15027,0
15028,3
15029,2
15030,2
15031,1
15032,1
15033,4
15034,4
15035,2
15036,1
15037,4
15038,1
15039,2
15040,2
15041,2
15043,1
15044,4
15046,4
15047,2
15048,1
15049,2
15050,1
15051,2
15053,2
15054,3
15055,2
15057,1
15058,2
15059,3
15060,2
15062,1
15063,2
15065,2
15066,2
15067,0
15068,2
15069,2
15070,1
15071,3
15072,2
15073,0
15075,3
15076,3
15077,2
15079,1
15080,0
15081,1
15082,1
15083,1
15084,2
15085,3
15086,2
15087,1
15088,4
15089,2
15090,0
15091,2
15092,3
15093,2
15094,1
15095,2
15096,3
15097,0
15098,4
15099,2
15100,2
15101,2
15103,1
15104,2
15105,0
15107,3
15108,2
15109,1
15112,1
15114,2
15115,1
15116,2
15117,4
15118,1
15119,2
15120,2
15121,3
15122,0
15123,2
15124,2
15125,2
15127,2
15128,0
15129,1
15131,3
15132,0
15133,1
15134,3
15136,0
15137,1
15138,2
15139,2
15140,2
15141,4
15142,2
15143,4
15144,2
15145,4
15146,1
15147,1
15148,2
15149,2
15150,2
15151,2
15152,0
15153,1
15154,2
15155,1
15156,2
15157,0
15158,3
15159,2
15160,1
15162,3
15163,2
15164,0
15166,3
15168,0
15170,2
15171,2
15172,2
15173,1
15175,4
15176,3
15177,2
15178,2
15179,1
15181,1
15182,2
15183,4
15184,1
15185,1
15186,1
15187,3
15188,1
15189,2
15190,2
15191,2
15192,2
15193,2
15194,2
15196,3
15197,2
15198,2
15199,4
15200,2
15201,1
15202,1
15203,1
15204,1
15205,1
15207,3
15208,2
15209,3
15212,3
15213,1
15214,2
15215,2
15216,3
15217,4
15218,1
15219,3
15220,2
15221,0
15222,1
15223,2
15225,4
15226,4
15227,4
15228,1
15229,2
15230,2
15231,1
15232,2
15233,4
15234,3
15235,4
15236,2
15238,3
15241,4
15242,1
15243,1
15245,1
15246,1
15247,3
15249,3
15250,2
15251,2
15252,3
15254,2
15255,4
15256,2
15257,2
15261,2
15262,3
15263,0
15264,2
15265,2
15266,2
15267,1
15268,1
15269,2
15270,2
15271,1
15272,2
15273,3
15274,1
15275,2
15276,2
15277,3
15278,2
15279,0
15280,2
15281,1
15282,3
15283,2
15284,0
15285,2
15287,3
15288,1
15289,2
15290,0
15291,1
15293,0
15294,3
15295,2
15296,2
15297,2
15298,1
15299,2
15301,1
15302,4
15303,1
15304,2
15305,3
15306,3
15308,2
15309,0
15310,3
15311,3
15312,3
15313,2
15314,1
15315,2
15316,0
15317,2
15318,1
15319,4
15321,1
15322,0
15323,2
15324,2
15325,1
15326,4
15327,2
15329,2
15330,2
15331,2
15333,1
15334,2
15335,3
15336,2
15337,1
15339,2
15340,1
15341,3
15343,0
15346,2
15347,1
15348,2
15349,2
15350,4
15351,2
15352,1
15353,2
15354,2
15355,0
15356,4
15357,0
15358,3
15359,1
15360,3
15361,1
15363,1
15364,2
15365,1
15366,3
15367,2
15368,2
15370,2
15372,4
15373,3
15374,2
15375,3
15376,1
15377,3
15378,2
15379,1
15380,2
15381,2
15382,1
15383,2
15384,1
15385,2
15386,1
15387,2
15388,0
15389,3
15390,3
15391,2
15392,4
15393,2
15394,3
15395,2
15399,2
15400,3
15401,2
15402,4
15404,1
15405,2
15406,3
15407,2
15408,2
15409,2
15411,4
15413,2
15414,0
15415,3
15416,1
15418,3
15419,2
15420,0
15421,2
15422,3
15423,1
15424,2
15425,1
15426,2
15427,2
15428,3
15429,2
15431,0
15432,2
15433,1
15434,2
15435,2
15436,1
15437,2
15438,2
15442,1
15444,3
15445,1
15447,1
15448,3
15449,2
15450,2
15451,2
15453,0
15454,2
15456,2
15457,2
15459,3
15460,1
15461,0
15463,3
15464,1
15466,3
15467,1
15468,2
15469,1
15472,2
15473,4
15474,3
15475,2
15476,3
15477,2
15478,2
15479,3
15481,2
15483,2
15485,1
15486,0
15487,0
15488,2
15490,0
15491,1
15492,2
15493,3
15494,2
15495,3
15496,2
15498,1
15499,1
15500,1
15501,4
15502,2
15503,2
15504,2
15505,1
15508,3
15509,1
15510,1
15511,2
15512,1
15513,2
15514,3
15515,0
15516,1
15517,1
15519,3
15520,3
15521,1
15522,1
15523,2
15524,3
15525,2
15527,2
15528,3
15529,2
15532,2
15533,2
15534,1
15535,0
15536,3
15537,4
15538,0
15539,3
15540,4
15543,1
15544,4
15545,4
15546,0
15547,4
15548,2
15549,3
15550,3
15551,1
15552,3
15553,2
15554,3
15555,1
15556,2
15557,2
15558,1
15559,2
15560,2
15561,2
15563,1
15564,2
15565,1
15566,2
15567,1
15568,1
15569,0
15570,1
15571,2
15572,2
15573,2
15574,0
15575,1
15576,2
15579,2
15582,1
15583,2
15584,1
15585,1
15587,2
15588,2
15590,2
15591,2
15592,2
15594,2
15595,3
15596,4
15597,1
15598,3
15599,1
15600,2
15601,3
15602,4
15603,0
15604,2
15605,2
15607,4
15608,2
15609,1
15610,2
15611,2
15612,2
15613,2
15614,0
15615,0
15616,0
15617,1
15618,3
15619,1
15620,3
15621,1
15622,2
15624,1
15625,2
15626,3
15628,0
15629,3
15631,1
15632,2
15633,4
15634,2
15636,3
15637,3
15638,1
15640,4
15641,4
15643,3
15644,1
15645,2
15646,1
15647,1
15648,1
15650,0
15651,0
15652,1
15653,2
15654,2
15655,2
15656,2
15657,2
15658,0
15659,2
15660,1
15661,2
15663,3
15664,4
15665,2
15666,2
15667,3
15668,2
15669,2
15670,2
15671,2
15672,2
15675,3
15677,2
15678,0
15679,3
15680,2
15681,2
15682,2
15683,4
15684,2
15687,0
15688,3
15689,2
15691,1
15692,1
15693,1
15694,1
15696,4
15697,2
15698,2
15700,0
15701,2
15702,4
15703,4
15704,3
15705,1
15706,0
15707,2
15708,4
15709,1
15710,2
15711,2
15712,0
15713,2
15714,0
15716,2
15717,0
15718,1
15719,2
15720,2
15721,2
15722,1
15723,3
15724,3
15725,2
15726,2
15727,2
15729,2
15730,2
15732,2
15734,2
15735,2
15736,3
15737,1
15738,0
15739,3
15741,1
15743,1
15744,2
15745,0
15746,0
15747,1
15750,2
15751,1
15752,3
15753,1
15754,3
15755,1
15756,0
15758,1
15759,2
15761,1
15762,1
15763,2
15764,1
15765,1
15766,2
15767,2
15768,2
15769,2
15771,1
15772,3
15773,1
15774,3
15775,3
15776,4
15777,4
15778,3
15779,2
15781,2
15782,0
15783,2
15784,1
15785,2
15786,2
15787,3
15788,2
15791,4
15792,3
15793,4
15795,2
15796,2
15797,1
15798,4
15800,0
15801,1
15802,1
15804,4
15805,0
15806,1
15807,1
15808,4
15809,2
15811,0
15813,2
15814,2
15815,3
15816,2
15817,1
15818,1
15819,2
15820,4
15821,2
15822,1
15823,2
15824,2
15825,1
15826,0
15828,2
15830,1
15831,3
15832,1
15833,1
15834,0
15835,2
15838,2
15839,2
15840,2
15841,4
15842,2
15844,1
15845,0
15846,0
15847,3
15849,4
15850,0
15851,1
15852,2
15854,2
15857,2
15858,1
15859,1
15861,1
15862,4
15863,2
15865,2
15866,1
15867,3
15868,3
15869,4
15870,1
15871,2
15872,3
15873,2
15874,4
15875,2
15876,3
15877,2
15878,2
15879,1
15880,2
15881,1
15883,2
15884,2
15885,3
15886,4
15889,1
15890,4
15891,2
15892,3
15893,4
15894,1
15896,1
15897,3
15898,3
15899,2
15900,2
15902,1
15903,2
15904,2
15906,3
15907,4
15908,2
15909,2
15910,2
15912,3
15913,2
15914,1
15915,2
15916,3
15917,2
15919,1
15920,1
15921,2
15922,2
15924,2
15925,3
15926,1
15927,1
15928,3
15930,2
15931,2
15932,4
15933,3
15934,0
15935,3
15936,1
15938,1
15939,2
15940,3
15941,1
15942,1
15943,2
15944,4
15945,1
15946,0
15947,1
15948,1
15949,2
15951,3
15952,1
15953,2
15954,2
15955,2
15956,1
15957,2
15959,3
15960,3
15961,2
15962,4
15963,3
15964,1
15965,2
15966,2
15967,2
15968,1
15969,1
15970,2
15972,0
15973,1
15974,0
15975,2
15977,1
15978,2
15979,0
15980,3
15983,2
15984,2
15985,2
15986,4
15987,2
15988,3
15989,1
15991,2
15992,2
15993,3
15994,2
15995,1
15997,1
15998,3
16000,2
16001,2
16002,1
16003,3
16004,0
16006,2
16007,2
16008,2
16009,1
16010,2
16011,2
16012,0
16013,2
16014,2
16015,2
16016,3
16018,1
16019,1
16020,2
16021,1
16022,0
16025,2
16026,1
16029,2
16030,3
16031,0
16033,2
16034,1
16035,2
16036,3
16037,1
16038,2
16039,1
16040,2
16041,1
16042,2
16043,1
16044,3
16045,2
16046,1
16049,2
16050,2
16051,3
16052,3
16053,0
16054,1
16055,2
16056,3
16057,3
16059,3
16060,2
16062,0
16063,1
16064,4
16065,2
16066,3
16067,2
16068,3
16070,0
16071,1
16073,4
16074,4
16075,2
16076,2
16077,1
16078,2
16079,2
16080,3
16081,1
16082,2
16083,3
16084,1
16085,2
16086,2
16087,1
16088,0
16089,4
16090,0
16091,2
16092,1
16094,4
16096,0
16097,2
16098,0
16099,1
16100,2
16102,0
16103,0
16105,3
16106,2
16107,0
16108,2
16109,2
16110,2
16111,4
16112,2
16113,2
16114,1
16115,4
16116,0
16117,1
16118,2
16119,2
16120,4
16121,1
16122,2
16123,2
16124,2
16125,3
16126,0
16127,3
16128,1
16129,2
16130,1
16131,2
16132,3
16133,0
16134,2
16135,3
16137,2
16138,2
16139,1
16140,2
16141,2
16142,2
16143,2
16144,4
16145,1
16146,2
16147,1
16148,3
16149,2
16150,1
16151,1
16155,2
16156,4
16157,2
16158,1
16159,2
16160,1
16161,2
16163,0
16164,2
16165,0
16168,2
16170,2
16171,0
16173,1
16174,3
16175,4
16176,0
16180,1
16181,2
16182,4
16185,1
16186,2
16187,0
16188,1
16189,1
16191,2
16192,2
16193,0
16194,2
16195,0
16196,1
16197,1
16198,2
16199,1
16201,3
16202,2
16203,1
16204,1
16205,2
16206,4
16207,0
16208,2
16209,2
16211,1
16213,1
16215,2
16217,2
16218,1
16219,4
16220,1
16221,1
16223,3
16224,1
16225,2
16226,0
16227,4
16228,3
16230,3
16232,0
16233,2
16235,4
16236,2
16237,2
16238,2
16239,1
16240,2
16241,1
16242,2
16243,2
16244,1
16246,1
16247,2
16248,2
16249,3
16250,3
16251,2
16252,4
16253,3
16255,2
16256,4
16257,4
16258,2
16259,2
16260,0
16261,2
16262,2
16263,3
16264,2
16265,0
16266,4
16267,3
16268,2
16269,1
16271,1
16272,2
16273,2
16274,2
16277,2
16278,3
16279,1
16280,3
16281,2
16282,2
16283,2
16284,2
16285,2
16286,2
16287,0
16288,3
16289,2
16291,2
16292,3
16294,1
16295,2
16297,3
16298,0
16299,3
16300,2
16301,2
16302,2
16303,1
16304,1
16305,1
16306,3
16307,3
16308,0
16309,2
16311,1
16312,3
16313,2
16314,3
16315,3
16317,0
16318,2
16319,2
16320,1
16322,2
16323,2
16324,0
16325,1
16328,3
16329,2
16330,4
16334,2
16335,0
16336,3
16337,1
16339,2
16340,3
16341,1
16342,1
16343,2
16344,0
16345,1
16346,1
16347,1
16348,1
16349,2
16350,2
16352,2
16353,4
16354,3
16355,4
16356,2
16357,2
16359,1
16360,4
16361,2
16362,2
16363,0
16364,2
16365,1
16367,2
16368,2
16369,2
16370,1
16371,2
16372,2
16373,1
16374,0
16375,0
16376,2
16377,1
16380,1
16381,4
16383,2
16384,2
16386,2
16387,3
16388,2
16389,1
16390,2
16391,2
16392,0
16393,3
16394,2
16395,2
16396,4
16397,3
16399,2
16400,3
16401,2
16402,1
16403,2
16404,2
16405,2
16406,1
16408,2
16409,2
16412,3
16413,2
16414,3
16415,2
16418,2
16420,4
16424,1
16426,1
16428,1
16429,1
16430,2
16431,2
16432,2
16433,0
16434,3
16436,2
16437,1
16439,3
16441,2
16442,3
16443,1
16444,4
16446,0
16447,4
16448,0
16449,2
16451,3
16452,1
16453,2
16454,2
16455,2
16456,1
16457,1
16459,2
16461,2
16462,2
16463,3
16464,1
16465,2
16467,4
16468,2
16469,2
16470,2
16471,3
16472,2
16473,1
16474,2
16475,2
16476,4
16477,2
16478,1
16480,2
16481,1
16482,3
16483,4
16484,2
16485,3
16486,2
16487,1
16488,2
16489,3
16490,0
16491,2
16492,0
16493,2
16494,4
16495,3
16496,0
16497,2
16498,2
16499,0
16501,2
16502,2
16503,3
16504,4
16505,2
16507,2
16508,2
16509,2
16510,4
16512,3
16513,2
16514,0
16515,0
16516,4
16517,2
16518,2
16519,0
16520,2
16521,2
16522,2
16523,0
16524,1
16525,0
16527,1
16528,2
16529,3
16530,2
16531,1
16532,1
16533,3
16534,3
16536,2
16538,1
16539,1
16540,1
16541,2
16542,2
16543,2
16544,3
16545,0
16547,1
16548,3
16549,4
16551,4
16553,4
16554,3
16556,2
16557,0
16558,0
16559,4
16561,3
16563,2
16564,2
16566,2
16568,0
16569,3
16571,2
16572,1
16573,2
16575,2
16576,2
16578,3
16579,1
16581,1
16582,2
16583,3
16584,2
16585,2
16586,2
16587,0
16588,1
16589,2
16591,2
16593,0
16594,3
16595,2
16596,1
16597,3
16598,2
16599,2
16600,2
16601,3
16602,3
16603,0
16604,1
16606,1
16607,2
16608,4
16609,2
16610,1
16612,2
16615,3
16616,3
16617,2
16618,3
16619,2
16620,2
16621,1
16622,2
16623,2
16625,4
16626,0
16627,1
16628,2
16629,2
16630,3
16632,4
16633,0
16634,2
16635,2
16636,2
16637,3
16638,3
16639,2
16640,3
16641,4
16642,2
16643,2
16644,2
16645,1
16646,1
16648,0
16650,3
16652,4
16653,4
16654,1
16655,2
16656,2
16657,2
16658,0
16659,1
16660,2
16662,2
16664,1
16665,1
16666,4
16667,4
16669,2
16670,2
16671,1
16672,2
16673,2
16675,0
16677,0
16678,1
16680,1
16681,1
16682,0
16683,2
16684,1
16685,1
16686,1
16687,2
16688,1
16690,2
16691,2
16692,1
16693,2
16697,0
16699,2
16700,3
16701,0
16702,3
16703,2
16705,2
16706,2
16707,2
16708,3
16709,1
16710,3
16711,1
16712,1
16713,2
16715,2
16716,2
16717,1
16718,2
16719,1
16720,2
16723,2
16724,2
16725,3
16726,2
16728,4
16729,1
16730,2
16731,1
16732,2
16733,1
16734,0
16736,1
16737,0
16738,2
16740,2
16742,4
16743,1
16744,3
16745,1
16746,0
16747,1
16748,3
16749,2
16750,0
16751,3
16752,3
16753,2
16754,1
16755,2
16758,3
16759,4
16760,2
16761,0
16762,0
16764,1
16765,0
16768,2
16769,2
16770,3
16771,2
16772,1
16773,3
16774,1
16775,2
16777,1
16778,0
16780,1
16781,1
16782,2
16783,1
16786,0
16787,3
16788,1
16789,2
16791,1
16792,1
16793,2
16795,2
16796,2
16797,2
16798,2
16799,1
16800,2
16801,2
16803,2
16804,1
16805,1
16806,2
16807,1
16808,2
16810,2
16811,2
16812,1
16813,2
16814,2
16815,2
16816,2
16817,2
16818,1
16819,3
16821,2
16823,2
16824,2
16826,4
16827,2
16828,2
16829,3
16830,2
16831,2
16832,1
16833,4
16834,0
16835,2
16836,2
16837,1
16838,1
16839,1
16840,2
16841,2
16842,2
16844,2
16846,4
16847,3
16848,0
16849,2
16850,2
16851,2
16852,3
16853,2
16854,2
16856,1
16857,1
16859,2
16862,2
16863,0
16864,3
16865,3
16866,2
16868,2
16869,3
16871,1
16872,1
16873,2
16874,0
16875,3
16876,2
16877,4
16878,2
16879,1
16880,3
16881,4
16882,2
16884,0
16885,2
16886,3
16888,1
16889,3
16890,2
16891,2
16892,4
16893,1
16894,3
16895,1
16896,2
16897,0
16898,2
16899,1
16900,2
16901,2
16902,2
16903,1
16904,2
16905,1
16906,2
16907,4
16909,2
16910,0
16911,2
16912,3
16913,2
16914,2
16915,2
16916,1
16917,3
16920,2
16921,3
16922,3
16923,3
16925,3
16926,1
16927,2
16928,2
16929,4
16930,3
16931,2
16932,1
16933,3
16934,2
16935,1
16936,1
16937,1
16938,1
16939,2
16940,2
16941,2
16942,0
16943,2
16944,0
16945,1
16946,3
16947,1
16948,2
16949,2
16950,4
16951,1
16952,2
16953,2
16954,3
16956,2
16957,1
16958,0
16959,3
16960,2
16962,2
16963,2
16964,2
16965,3
16967,1
16968,3
16969,0
16970,2
16971,1
16972,4
16973,2
16974,0
16975,2
16976,4
16977,2
16978,1
16979,3
16980,2
16982,3
16983,1
16984,2
16985,1
16986,2
16987,3
16988,0
16989,2
16990,3
16991,3
16992,1
16993,3
16994,2
16996,1
16997,2
16998,1
16999,2
17000,4
17001,2
17002,3
17003,2
17004,1
17006,0
17007,1
17008,3
17009,2
17010,1
17011,3
17012,2
17013,2
17014,3
17015,2
17016,1
17017,1
17018,1
17019,2
17020,1
17022,1
17023,2
17024,1
17025,2
17026,2
17028,4
17030,2
17031,2
17032,4
17033,2
17034,0
17035,0
17037,3
17038,3
17040,4
17041,1
17042,1
17043,3
17044,2
17045,3
17046,1
17047,2
17048,2
17049,2
17050,1
17051,2
17052,2
17053,0
17055,2
17058,2
17059,3
17060,1
17061,2
17062,2
17063,3
17064,0
17065,2
17066,2
17067,1
17068,2
17069,2
17070,2
17072,2
17073,2
17074,0
17075,2
17076,2
17078,2
17079,2
17080,3
17083,1
17084,2
17086,2
17087,1
17088,0
17089,3
17090,1
17091,0
17092,2
17093,2
17094,2
17095,2
17096,1
17097,2
17098,3
17099,2
17100,3
17101,4
17103,1
17104,1
17105,1
17107,2
17108,2
17109,2
17110,0
17111,2
17112,4
17113,0
17114,2
17115,1
17116,2
17117,2
17118,0
17119,1
17120,1
17121,2
17122,2
17123,1
17125,0
17127,1
17129,1
17130,3
17131,3
17132,2
17133,2
17134,4
17135,3
17137,2
17138,3
17140,3
17141,2
17142,2
17143,0
17145,1
17146,1
17147,3
17148,1
17149,1
17150,3
17151,4
17152,2
17153,1
17154,2
17155,2
17156,1
17158,2
17159,2
17160,0
17161,2
17162,3
17163,1
17165,2
17166,1
17167,0
17169,3
17170,3
17171,2
17172,1
17173,2
17174,1
17175,4
17179,3
17180,1
17183,2
17184,1
17185,1
17186,2
17187,0
17188,2
17189,2
17191,1
17192,2
17193,2
17194,0
17195,2
17196,1
17197,4
17198,1
17199,3
17200,2
17201,3
17202,2
17203,2
17204,2
17205,2
17208,2
17209,2
17210,1
17211,3
17212,2
17214,3
17215,4
17216,2
17219,2
17220,2
17221,3
17222,2
17223,2
17224,0
17225,2
17226,2
17228,2
17230,2
17231,1
17232,4
17233,2
17234,1
17235,1
17236,2
17238,2
17239,2
17240,2
17241,1
17242,2
17243,0
17244,4
17245,1
17246,0
17247,2
17248,2
17250,1
17253,1
17254,3
17256,2
17257,2
17258,1
17259,4
17260,4
17261,3
17262,0
17264,2
17265,2
17266,2
17267,2
17268,1
17269,2
17270,2
17271,2
17272,2
17273,2
17275,2
17277,2
17278,0
17279,2
17280,0
17281,1
17282,1
17283,1
17284,2
17286,1
17287,2
17288,1
17289,4
17290,1
17291,1
17292,1
17294,2
17295,2
17296,1
17297,0
17298,3
17300,4
17301,4
17302,0
17303,0
17304,1
17305,2
17306,3
17307,2
17308,2
17309,0
17311,3
17312,2
17313,2
17314,2
17315,2
17316,1
17317,4
17318,1
17319,3
17321,0
17322,1
17325,0
17326,3
17327,0
17328,2
17329,2
17330,2
17332,3
17333,2
17334,2
17335,2
17336,4
17339,2
17340,0
17341,2
17342,4
17343,3
17344,3
17345,2
17346,4
17347,2
17348,4
17350,0
17352,2
17353,2
17354,4
17355,2
17356,3
17357,2
17358,3
17359,2
17360,0
17361,2
17362,4
17363,4
17365,2
17366,4
17367,1
17369,2
17371,2
17372,2
17374,1
17375,1
17377,2
17378,2
17379,1
17380,3
17382,2
17383,1
17385,2
17387,0
17388,2
17390,2
17391,3
17392,2
17395,2
17397,1
17398,1
17399,4
17400,0
17401,3
17402,4
17403,2
17405,3
17406,1
17407,2
17408,2
17409,1
17410,2
17411,0
17413,2
17415,4
17416,1
17417,3
17418,2
17420,1
17421,2
17422,4
17423,4
17424,4
17425,2
17426,2
17427,3
17428,2
17429,0
17430,1
17432,1
17434,3
17435,1
17436,2
17437,2
17438,2
17439,4
17440,2
17441,1
17442,0
17443,2
17446,3
17447,1
17448,2
17449,2
17450,1
17451,3
17452,3
17453,2
17454,2
17456,4
17458,1
17460,0
17461,1
17462,2
17463,2
17464,2
17466,1
17467,2
17468,2
17469,2
17470,4
17471,2
17472,4
17473,3
17474,2
17475,4
17476,3
17477,2
17478,3
17479,2
17480,1
17481,0
17482,1
17483,0
17484,3
17485,1
17486,1
17487,2
17488,2
17489,1
17490,1
17491,2
17492,2
17494,2
17496,4
17497,2
17498,3
17499,2
17500,2
17501,2
17502,1
17503,2
17504,3
17505,4
17507,2
17508,2
17509,3
17510,2
17512,0
17514,1
17517,3
17518,4
17519,1
17520,0
17521,1
17523,3
17524,2
17525,2
17527,2
17528,3
17529,1
17530,1
17531,0
17532,2
17533,1
17535,1
17536,3
17537,0
17538,2
17540,1
17541,2
17542,2
17543,3
17546,0
17547,2
17548,0
17549,2
17550,2
17551,2
17552,3
17553,2
17554,1
17555,2
17556,1
17557,0
17558,3
17560,2
17561,1
17562,2
17563,2
17564,4
17565,3
17566,2
17567,2
17568,1
17570,1
17571,4
17572,2
17573,2
17574,1
17575,2
17577,2
17578,0
17579,1
17580,1
17582,2
17583,0
17584,1
17586,0
17587,2
17588,2
17589,1
17590,3
17591,2
17592,2
17594,2
17595,0
17596,2
17597,2
17598,2
17599,1
17600,1
17601,1
17602,2
17603,1
17604,4
17605,4
17606,1
17607,2
17609,4
17610,2
17611,2
17612,2
17613,3
17614,1
17615,0
17617,1
17618,3
17619,3
17620,2
17621,2
17623,2
17624,2
17625,1
17627,2
17628,0
17629,1
17630,2
17631,2
17632,4
17633,2
17634,2
17635,2
17636,2
17637,0
17640,1
17641,3
17642,1
17643,2
17644,3
17645,1
17646,2
17647,1
17648,2
17649,0
17651,1
17653,0
17654,2
17655,2
17656,4
17657,0
17658,4
17659,3
17660,2
17661,2
17663,1
17664,0
17666,2
17667,0
17668,2
17669,2
17670,3
17671,2
17672,1
17673,1
17674,2
17676,3
17677,1
17678,0
17679,3
17680,1
17681,1
17682,2
17683,2
17684,3
17686,2
17688,2
17689,1
17690,2
17691,2
17693,3
17694,4
17695,2
17697,2
17698,3
17699,1
17700,2
17701,4
17702,1
17703,2
17704,0
17705,3
17706,3
17707,2
17708,0
17709,2
17711,0
17712,0
17713,2
17714,2
17715,3
17716,2
17718,2
17719,3
17720,0
17722,1
17723,0
17724,0
17726,2
17727,1
17729,1
17730,2
17731,2
17732,2
17733,1
17734,2
17735,1
17736,3
17737,2
17739,2
17740,3
17741,1
17742,3
17743,4
17744,1
17745,2
17747,3
17749,1
17750,2
17751,3
17752,3
17753,1
17754,4
17755,0
17756,1
17757,2
17758,2
17759,3
17761,1
17762,2
17763,3
17764,0
17766,4
17767,1
17769,1
17771,2
17773,4
17775,2
17777,2
17778,2
17779,0
17780,4
17781,2
17782,1
17783,2
17784,0
17785,3
17788,2
17789,2
17790,2
17791,3
17792,3
17793,2
17794,2
17795,2
17796,2
17798,3
17799,2
17800,1
17801,1
17802,2
17803,0
17804,0
17805,1
17806,0
17807,3
17808,1
17809,2
17810,3
17811,0
17812,3
17813,2
17815,0
17816,0
17818,0
17819,2
17820,0
17821,2
17822,1
17824,3
17825,1
17826,0
17827,0
17828,3
17829,0
17830,0
17832,1
17833,3
17834,1
17835,0
17836,1
17837,2
17838,1
17839,3
17840,2
17841,1
17843,1
17845,2
17846,4
17848,2
17849,2
17850,0
17851,3
17852,0
17853,0
17854,1
17858,3
17859,1
17860,4
17862,2
17863,2
17865,2
17866,2
17867,1
17868,4
17869,2
17870,1
17871,0
17873,3
17874,3
17875,1
17876,2
17877,3
17878,2
17879,2
17880,3
17881,2
17882,2
17884,2
17885,2
17886,2
17887,3
17888,0
17889,0
17891,3
17892,1
17893,1
17894,2
17895,3
17897,2
17899,2
17900,1
17901,2
17902,4
17903,4
17904,2
17905,1
17906,2
17907,1
17908,2
17909,3
17910,3
17911,1
17912,2
17913,2
17914,3
17916,2
17917,1
17918,1
17919,1
17920,2
17921,0
17923,1
17924,1
17925,3
17926,2
17927,3
17929,1
17930,3
17931,3
17933,2
17934,2
17935,2
17937,2
17938,2
17940,3
17941,1
17942,0
17943,0
17944,2
17945,2
17946,3
17947,2
17949,3
17950,2
17951,3
17952,3
17953,4
17954,3
17955,3
17956,4
17957,1
17958,1
17960,3
17961,1
17962,4
17963,2
17964,3
17965,2
17966,2
17967,1
17968,2
17969,2
17971,3
17972,1
17974,2
17975,0
17977,0
17978,2
17979,2
17980,3
17982,2
17984,4
17987,4
17988,2
17989,2
17990,4
17993,1
17994,2
17995,2
17996,2
17998,2
18000,1
18001,1
18002,2
18003,1
18006,4
18008,2
18009,2
18010,1
18011,2
18013,2
18014,2
18015,2
18016,3
18017,2
18018,1
18019,2
18020,2
18022,4
18023,0
18024,2
18026,2
18027,2
18028,3
18029,2
18030,3
18031,2
18033,2
18034,3
18035,2
18036,0
18037,3
18038,4
18039,2
18040,0
18042,2
18043,2
18044,0
18046,0
18047,4
18048,3
18049,3
18050,1
18051,2
18052,0
18053,3
18054,4
18055,0
18056,2
18057,0
18058,4
18059,0
18060,0
18061,2
18062,3
18063,1
18064,2
18065,2
18066,2
18067,0
18070,2
18071,2
18072,1
18073,2
18075,1
18076,3
18077,2
18078,2
18080,2
18081,1
18083,1
18085,3
18086,2
18087,2
18088,2
18089,3
18090,4
18091,2
18093,2
18094,3
18095,1
18098,3
18099,3
18100,1
18102,3
18103,2
18104,4
18105,4
18106,2
18108,1
18109,3
18111,3
18112,2
18113,2
18114,1
18116,2
18117,3
18118,3
18119,2
18120,2
18121,1
18122,2
18123,2
18125,3
18126,2
18127,3
18129,3
18130,2
18132,2
18133,3
18134,4
18135,1
18136,2
18137,2
18138,4
18139,1
18140,3
18141,0
18142,2
18143,2
18144,2
18145,2
18148,3
18149,1
18150,2
18151,1
18152,3
18153,2
18154,2
18155,0
18157,0
18158,2
18159,2
18160,2
18161,3
18162,1
18163,4
18164,1
18165,2
18166,1
18167,2
18168,3
18169,3
18170,2
18171,1
18172,0
18174,2
18175,2
18176,1
18177,1
18178,0
18179,1
18181,4
18184,2
18185,2
18186,2
18187,2
18188,0
18189,2
18190,1
18191,0
18192,2
18193,2
18194,2
18195,1
18197,1
18198,3
18199,2
18200,1
18201,1
18202,2
18203,3
18204,2
18205,0
18207,0
18208,2
18209,2
18210,1
18211,2
18213,4
18214,2
18215,2
18216,2
18217,2
18218,0
18219,2
18220,2
18221,2
18222,3
18223,0
18224,2
18225,1
18227,1
18228,0
18229,2
18230,2
18231,4
18232,3
18234,3
18235,1
18236,2
18238,2
18241,3
18244,1
18245,0
18246,3
18247,0
18249,0
18250,2
18251,2
18252,3
18254,1
18256,2
18257,1
18258,2
18260,1
18261,0
18262,2
18263,3
18264,2
18266,2
18268,1
18270,2
18272,1
18273,4
18275,3
18276,2
18277,2
18278,2
18279,3
18284,2
18285,1
18286,1
18287,1
18288,2
18289,4
18290,0
18291,1
18292,2
18293,0
18294,2
18295,2
18296,1
18297,2
18298,2
18299,2
18300,1
18301,2
18305,4
18306,2
18307,3
18308,4
18309,0
18311,1
18312,1
18313,3
18314,2
18315,1
18316,1
18317,3
18318,1
18319,2
18320,0
18323,2
18324,2
18327,2
18328,1
18329,2
18330,1
18331,2
18332,3
18333,2
18334,0
18335,3
18336,1
18337,2
18338,4
18339,2
18340,3
18341,1
18343,3
18344,1
18345,2
18346,1
18347,2
18348,0
18350,1
18353,3
18354,2
18355,2
18356,3
18357,2
18358,2
18359,2
18360,4
18361,2
18362,3
18363,2
18364,2
18366,2
18367,2
18368,1
18369,2
18370,1
18371,2
18373,4
18374,2
18375,1
18376,1
18378,2
18379,3
18380,2
18381,0
18382,2
18384,1
18385,2
18386,3
18387,1
18388,2
18389,3
18391,2
18392,1
18393,2
18394,0
18395,1
18396,2
18397,0
18398,2
18400,1
18401,2
18402,4
18403,1
18404,2
18405,4
18409,2
18410,2
18411,2
18412,2
18413,4
18414,0
18415,2
18416,2
18418,4
18419,4
18421,2
18422,2
18423,2
18424,2
18425,2
18426,2
18427,2
18428,2
18429,3
18430,0
18431,1
18432,1
18433,2
18435,1
18436,2
18437,2
18438,0
18440,4
18441,0
18442,0
18443,2
18444,0
18445,0
18446,2
18447,3
18448,2
18449,3
18450,1
18451,4
18452,2
18453,0
18454,2
18455,1
18457,2
18458,4
18460,2
18461,1
18462,3
18463,2
18464,4
18465,0
18466,0
18467,2
18468,2
18472,2
18473,4
18474,0
18475,2
18476,4
18477,0
18479,2
18480,2
18481,2
18482,2
18484,2
18485,1
18486,2
18487,1
18489,4
18490,2
18492,1
18493,2
18495,2
18497,1
18499,2
18500,2
18501,2
18503,2
18504,2
18505,1
18507,3
18508,4
18509,2
18510,2
18511,2
18512,2
18513,3
18514,2
18515,3
18517,2
18518,1
18519,0
18520,2
18521,1
18522,3
18524,3
18525,0
18526,0
18527,1
18528,2
18529,2
18530,0
18531,2
18533,2
18534,4
18536,0
18537,4
18538,3
18539,2
18542,2
18544,2
18545,2
18547,2
18548,2
18549,4
18550,2
18551,3
18552,2
18553,3
18554,4
18555,2
18556,2
18557,2
18558,4
18559,1
18560,3
18561,4
18563,1
18564,2
18565,2
18566,2
18567,2
18568,0
18569,3
18570,2
18571,2
18572,2
18573,2
18574,1
18577,3
18578,2
18579,1
18580,1
18581,0
18582,1
18583,0
18584,1
18586,3
18587,1
18588,1
18589,1
18590,2
18591,1
18592,2
18593,1
18594,2
18595,3
18596,1
18597,2
18600,0
18601,2
18602,2
18603,1
18605,0
18608,1
18609,1
18610,3
18611,0
18612,2
18613,2
18614,1
18615,2
18616,3
18617,1
18618,1
18620,1
18621,2
18622,2
18624,4
18625,0
18626,2
18627,1
18628,2
18629,4
18631,2
18632,3
18633,2
18634,2
18636,2
18637,2
18641,2
18643,0
18644,2
18645,4
18646,1
18647,2
18648,1
18650,2
18651,1
18652,2
18653,2
18654,3
18657,2
18658,1
18659,2
18660,0
18661,3
18662,2
18664,0
18665,0
18666,1
18667,2
18668,3
18669,2
18671,2
18672,2
18673,2
18674,2
18675,2
18676,2
18677,2
18678,0
18680,0
18681,2
18682,1
18683,2
18684,2
18685,3
18687,3
18688,3
18689,0
18690,2
18691,3
18692,4
18693,0
18694,0
18695,2
18696,1
18697,3
18698,1
18699,4
18700,3
18701,2
18702,3
18703,1
18705,2
18707,2
18708,1
18709,1
18710,2
18711,3
18712,2
18713,1
18715,2
18716,2
18717,1
18718,2
18719,0
18720,2
18722,2
18723,4
18724,2
18725,2
18726,3
18727,1
18728,2
18729,2
18730,1
18731,3
18732,1
18733,2
18734,2
18735,3
18738,0
18739,2
18742,2
18743,1
18745,1
18746,4
18747,2
18748,3
18749,1
18750,0
18751,3
18752,4
18754,0
18755,2
18756,2
18757,2
18758,2
18759,0
18760,0
18761,3
18762,4
18763,1
18765,2
18766,1
18767,2
18768,4
18769,4
18770,3
18772,4
18773,1
18774,1
18775,2
18776,2
18777,4
18778,2
18779,0
18780,1
18781,3
18782,2
18783,2
18785,4
18786,4
18787,2
18788,3
18789,2
18790,2
18791,2
18794,2
18795,3
18796,2
18797,0
18798,2
18799,2
18800,2
18801,1
18802,2
18803,2
18804,0
18805,2
18806,2
18807,0
18808,2
18809,2
18810,1
18811,3
18812,2
18814,1
18815,3
18816,2
18817,2
18818,1
18820,2
18821,3
18822,2
18823,2
18824,2
18825,0
18826,1
18827,4
18828,2
18830,1
18831,2
18837,1
18838,2
18839,3
18840,1
18841,2
18842,0
18843,2
18844,2
18845,0
18846,1
18847,2
18849,0
18850,1
18851,3
18852,1
18853,3
18854,2
18855,4
18857,2
18859,2
18860,1
18861,1
18862,1
18863,2
18864,2
18865,1
18866,3
18867,2
18868,2
18869,3
18870,1
18872,3
18874,2
18875,2
18879,2
18880,2
18881,1
18883,3
18884,2
18885,0
18886,3
18887,1
18888,3
18889,3
18890,0
18891,2
18892,2
18893,2
18894,2
18895,0
18896,2
18897,2
18898,4
18899,1
18900,2
18901,0
18902,2
18903,2
18904,3
18905,1
18906,2
18908,2
18909,3
18910,2
18911,2
18914,2
18915,2
18916,1
18917,0
18918,0
18919,1
18920,2
18921,2
18922,0
18923,1
18924,2
18925,1
18926,2
18928,2
18929,2
18930,1
18931,1
18932,3
18933,2
18934,3
18935,3
18936,2
18937,1
18939,1
18940,2
18941,2
18942,2
18943,2
18945,1
18946,4
18947,4
18948,1
18949,3
18950,4
18951,4
18952,2
18953,3
18954,3
18955,0
18957,3
18958,2
18960,3
18961,2
18962,1
18963,2
18964,2
18965,3
18966,2
18967,1
18968,4
18969,1
18971,3
18972,3
18973,2
18974,1
18975,2
18977,0
18978,3
18979,2
18980,2
18981,2
18982,2
18983,1
18984,2
18985,1
18986,1
18988,1
18989,0
18990,1
18991,1
18992,3
18993,3
18994,2
18995,0
18996,3
18997,1
18998,2
18999,1
19000,2
19001,1
19002,3
19003,3
19004,3
19005,2
19006,1
19007,2
19008,2
19009,1
19010,1
19013,3
19014,2
19015,2
19016,3
19017,1
19018,2
19019,0
19020,4
19021,3
19022,4
19025,0
19029,2
19030,0
19031,2
19032,2
19033,0
19034,1
19035,0
19036,2
19037,2
19038,2
19039,1
19040,3
19041,2
19042,2
19043,2
19045,1
19046,1
19047,1
19048,1
19049,2
19050,1
19051,2
19052,2
19053,2
19054,2
19055,0
19056,3
19057,1
19058,3
19060,2
19061,3
19062,0
19063,0
19064,2
19065,4
19066,2
19068,2
19069,1
19070,0
19071,4
19072,1
19073,1
19074,3
19076,1
19077,3
19078,3
19080,1
19084,2
19086,4
19087,2
19088,3
19090,2
19092,3
19093,2
19094,2
19095,2
19096,0
19097,2
19098,4
19099,2
19100,1
19101,2
19102,2
19103,2
19106,1
19107,0
19108,2
19109,1
19110,2
19112,2
19113,0
19114,4
19115,2
19117,0
19118,2
19119,2
19120,3
19121,3
19122,1
19123,4
19125,2
19126,2
19127,2
19129,2
19131,3
19132,4
19133,2
19134,1
19135,0
19136,2
19137,0
19138,2
19139,0
19140,4
19141,1
19142,2
19143,2
19144,1
19145,1
19146,2
19147,2
19148,4
19150,4
19151,2
19152,2
19153,2
19154,1
19155,2
19156,2
19158,0
19159,2
19160,1
19161,1
19162,2
19164,3
19167,4
19168,2
19169,2
19171,2
19173,2
19174,3
19175,2
19176,2
19177,2
19178,1
19179,2
19182,1
19183,4
19185,3
19186,4
19187,2
19188,1
19189,2
19190,2
19191,2
19192,0
19194,2
19195,2
19197,2
19198,3
19199,2
19200,2
19201,2
19202,1
19204,2
19205,2
19206,1
19207,2
19208,1
19209,0
19210,2
19211,2
19212,3
19213,0
19214,0
19215,3
19218,2
19219,1
19220,3
19221,3
19223,0
19224,4
19225,1
19226,2
19227,2
19228,1
19230,3
19231,2
19232,1
19233,1
19234,3
19235,3
19236,4
19238,1
19240,1
19241,2
19242,2
19243,2
19244,0
19245,2
19246,4
19247,2
19248,1
19249,2
19250,0
19251,2
19252,3
19253,1
19255,4
19256,2
19257,4
19258,2
19259,2
19261,2
19262,2
19263,2
19264,2
19265,2
19266,2
19268,3
19269,2
19270,0
19272,2
19273,3
19275,2
19276,2
19277,1
19278,4
19279,2
19280,4
19281,1
19282,2
19283,2
19284,3
19285,1
19287,0
19288,1
19289,1
19290,2
19292,4
19293,4
19295,0
19296,1
19297,2
19298,3
19299,2
19300,0
19301,0
19302,0
19303,2
19305,0
19306,4
19308,2
19309,2
19310,2
19311,2
19312,2
19313,0
19314,2
19315,1
19316,1
19317,2
19318,1
19319,2
19321,2
19322,2
19323,4
19324,2
19325,1
19327,1
19328,1
19329,3
19330,2
19331,2
19332,4
19333,1
19334,3
19335,2
19336,1
19337,0
19339,2
19342,1
19343,0
19344,2
19345,2
19346,2
19347,2
19349,2
19350,2
19351,2
19352,3
19353,4
19354,2
19355,0
19356,4
19357,1
19358,2
19359,2
19360,1
19362,2
19363,3
19367,4
19368,2
19369,0
19370,2
19371,2
19372,0
19374,2
19375,3
19377,2
19378,1
19379,2
19380,1
19381,1
19383,4
19385,0
19386,2
19387,3
19388,2
19390,3
19392,4
19394,1
19396,2
19397,1
19398,2
19399,2
19400,4
19401,2
19402,0
19403,3
19407,4
19409,3
19410,3
19411,2
19412,2
19414,1
19415,2
19416,3
19417,3
19419,0
19420,2
19421,2
19422,0
19423,2
19424,1
19425,2
19426,2
19427,2
19428,4
19429,1
19431,1
19432,1
19433,1
19434,2
19435,0
19436,2
19438,3
19439,2
19441,3
19442,3
19444,3
19446,3
19448,2
19449,2
19450,1
19452,2
19453,2
19454,2
19455,1
19457,1
19458,2
19459,0
19461,1
19462,2
19463,2
19464,1
19465,2
19466,1
19467,2
19468,1
19469,2
19470,4
19471,3
19472,2
19473,2
19474,3
19476,2
19477,1
19478,3
19479,2
19480,3
19481,2
19482,2
19483,2
19484,1
19485,2
19486,2
19487,3
19489,2
19490,1
19492,1
19493,2
19494,2
19495,2
19496,1
19497,2
19498,2
19499,3
19500,3
19501,2
19502,2
19503,4
19504,2
19505,1
19506,0
19507,2
19508,3
19509,1
19510,3
19511,2
19513,3
19514,2
19515,3
19516,2
19517,4
19518,1
19519,2
19520,0
19522,2
19523,2
19524,2
19525,2
19526,2
19527,2
19528,0
19530,2
19531,2
19532,2
19533,1
19534,1
19535,2
19536,3
19537,3
19538,1
19539,2
19540,2
19541,2
19542,2
19544,4
19545,2
19546,1
19547,1
19548,0
19549,1
19550,2
19551,2
19552,2
19553,2
19554,1
19555,4
19556,2
19558,2
19559,2
19560,1
19561,2
19562,2
19563,3
19564,1
19566,0
19567,0
19569,1
19570,0
19571,1
19572,2
19573,2
19574,1
19575,2
19576,0
19577,1
19578,2
19579,4
19580,2
19581,2
19582,3
19583,2
19584,2
19585,2
19586,1
19587,3
19588,2
19590,4
19591,3
19592,4
19593,2
19594,0
19595,1
19596,2
19597,2
19598,2
19599,2
19600,3
19601,1
19602,1
19603,2
19604,2
19605,2
19606,2
19607,2
19608,2
19609,3
19610,2
19613,3
19614,0
19615,2
19616,2
19618,2
19619,0
19621,3
19622,2
19624,3
19625,2
19626,1
19627,3
19628,3
19629,1
19630,1
19631,2
19632,1
19633,3
19635,2
19636,0
19638,0
19639,3
19642,2
19643,0
19644,1
19645,1
19646,3
19647,1
19648,1
19649,4
19650,1
19651,2
19653,3
19655,2
19656,1
19657,1
19658,2
19659,2
19660,2
19662,2
19663,2
19664,1
19665,2
19666,1
19667,3
19668,2
19669,1
19670,0
19671,2
19673,1
19675,2
19676,2
19678,3
19679,4
19680,2
19681,2
19682,1
19683,2
19684,2
19685,2
19686,1
19687,2
19688,2
19689,2
19690,2
19691,1
19692,2
19694,1
19695,2
19697,1
19698,2
19699,4
19700,2
19702,2
19703,0
19704,2
19705,3
19706,1
19707,3
19709,2
19710,4
19711,1
19712,1
19713,0
19714,0
19716,2
19717,2
19719,2
19720,1
19721,3
19722,3
19723,4
19724,1
19725,3
19727,2
19728,3
19729,1
19730,2
19731,3
19732,3
19734,0
19735,1
19736,2
19737,1
19738,1
19740,2
19741,3
19742,1
19743,1
19744,3
19745,2
19750,3
19751,2
19752,1
19754,4
19755,2
19756,1
19757,1
19758,2
19759,2
19760,0
19761,2
19762,2
19764,1
19765,2
19766,4
19769,2
19770,0
19772,1
19773,4
19774,0
19775,2
19776,1
19778,0
19779,3
19780,2
19781,2
19785,0
19786,2
19787,4
19788,2
19789,2
19790,2
19792,2
19793,2
19794,2
19795,2
19796,3
19797,1
19799,1
19800,1
19801,3
19802,1
19803,1
19804,1
19805,1
19806,1
19808,3
19809,2
19811,1
19813,2
19815,2
19816,2
19817,2
19818,2
19819,2
19820,2
19821,2
19822,2
19823,2
19824,4
19825,2
19826,3
19827,2
19828,2
19830,4
19831,0
19832,1
19833,1
19834,1
19835,0
19836,2
19837,1
19838,0
19840,1
19841,1
19842,3
19843,1
19844,2
19846,2
19847,3
19848,2
19849,3
19850,2
19851,4
19853,2
19855,3
19857,3
19858,3
19860,1
19861,0
19863,4
19864,2
19866,0
19867,2
19868,3
19869,3
19870,0
19871,1
19872,1
19873,2
19874,2
19875,2
19876,2
19877,4
19878,2
19879,2
19880,3
19881,3
19883,2
19884,0
19885,0
19886,2
19887,2
19888,2
19890,2
19891,2
19892,2
19893,2
19894,4
19895,2
19896,1
19897,2
19898,1
19899,3
19900,2
19902,3
19903,3
19904,3
19905,1
19906,2
19907,2
19909,2
19910,4
19912,2
19913,1
19914,0
19915,4
19916,1
19917,1
19918,0
19919,2
19920,3
19921,2
19922,2
19923,1
19924,2
19925,4
19926,1
19927,3
19928,2
19929,1
19930,0
19931,3
19932,2
19934,2
19935,0
19936,1
19937,3
19939,0
19940,2
19941,3
19944,3
19946,2
19947,2
19948,1
19949,1
19950,2
19953,1
19954,2
19955,0
19956,0
19957,0
19958,3
19959,3
19960,1
19961,1
19962,2
19963,2
19965,2
19966,2
19967,2
19969,1
19970,4
19972,4
19973,2
19974,4
19975,3
19976,1
19978,3
19979,2
19980,2
19982,1
19983,0
19984,2
19985,2
19986,0
19987,2
19989,2
19990,3
19991,2
19992,1
19993,0
19994,1
19995,3
19996,2
19997,1
19998,2
19999,1
20001,1
20002,2
20003,4
20004,3
20006,2
20007,3
20008,1
20009,3
20010,2
20012,3
20013,1
20014,2
20015,2
20016,2
20017,1
20018,2
20019,2
20020,2
20021,2
20022,1
20023,0
20025,1
20027,2
20029,4
20030,3
20031,2
20032,2
20033,2
20034,0
20035,2
20036,2
20037,0
20038,2
20039,4
20040,1
20041,1
20042,4
20043,2
20044,2
20045,3
20046,3
20047,0
20048,4
20049,2
20050,1
20051,3
20052,2
20053,1
20054,4
20056,4
20059,2
20060,3
20061,4
20062,2
20064,2
20065,0
20066,2
20068,2
20070,2
20072,2
20073,2
20074,0
20075,1
20077,2
20078,2
20079,2
20080,3
20081,1
20082,3
20083,1
20084,2
20085,2
20086,1
20087,3
20088,2
20089,1
20091,4
20092,2
20093,2
20095,2
20096,1
20097,0
20098,2
20099,1
20101,1
20102,3
20103,1
20104,2
20105,2
20106,2
20107,2
20108,2
20109,1
20110,2
20111,2
20112,1
20113,1
20114,2
20115,4
20116,1
20117,4
20118,0
20119,2
20120,1
20121,1
20122,3
20123,3
20124,1
20125,3
20126,2
20128,3
20129,2
20130,1
20131,0
20132,2
20133,4
20134,1
20135,3
20137,2
20139,2
20140,4
20141,1
20142,1
20144,2
20145,2
20146,2
20147,2
20148,0
20149,2
20150,2
20151,1
20152,1
20153,3
20154,1
20155,2
20156,3
20157,3
20160,2
20161,1
20162,3
20164,2
20165,2
20166,1
20167,4
20168,4
20169,2
20170,1
20171,1
20172,2
20173,1
20174,0
20175,2
20176,2
20177,3
20178,2
20179,2
20180,1
20181,2
20182,1
20183,2
20184,0
20187,2
20188,3
20189,1
20190,3
20192,2
20193,4
20195,2
20198,3
20199,1
20200,3
20201,2
20204,1
20205,1
20207,1
20208,1
20209,2
20211,2
20212,2
20213,2
20214,2
20215,1
20216,1
20217,3
20221,2
20223,1
20224,1
20225,2
20226,3
20227,3
20229,2
20230,3
20231,2
20232,1
20233,3
20234,2
20235,2
20236,3
20237,2
20238,2
20239,0
20240,2
20241,0
20243,2
20245,2
20246,1
20247,1
20248,3
20250,2
20252,3
20254,0
20255,2
20256,2
20257,1
20258,1
20259,2
20260,4
20261,0
20262,3
20263,2
20264,0
20265,2
20266,2
20268,3
20269,2
20271,0
20272,2
20273,3
20274,3
20275,0
20276,2
20277,2
20279,4
20280,1
20281,2
20283,4
20285,4
20287,2
20288,4
20289,1
20290,2
20291,2
20292,0
20293,2
20294,2
20295,1
20298,2
20300,0
20301,0
20302,0
20303,3
20304,2
20306,2
20307,4
20309,4
20310,4
20312,2
20313,2
20314,0
20315,3
20316,2
20317,1
20318,0
20319,2
20320,2
20321,2
20322,2
20323,3
20324,1
20325,0
20326,1
20327,0
20328,2
20329,1
20331,2
20332,4
20333,3
20334,1
20335,2
20337,4
20338,1
20339,4
20340,4
20341,1
20342,4
20343,2
20344,2
20345,1
20346,3
20347,3
20348,2
20349,1
20352,3
20353,1
20355,2
20356,1
20357,3
20358,3
20359,2
20360,3
20361,2
20364,2
20365,3
20366,3
20367,1
20369,2
20371,1
20372,4
20373,3
20374,1
20375,2
20378,1
20379,2
20380,1
20381,2
20383,2
20384,2
20385,2
20386,0
20387,2
20389,4
20390,4
20391,1
20392,3
20393,2
20394,2
20395,1
20396,4
20397,1
20398,1
20399,2
20400,3
20401,2
20402,2
20404,2
20405,2
20406,4
20407,0
20408,2
20410,2
20411,4
20413,1
20414,2
20415,2
20417,3
20419,2
20420,1
20421,0
20422,1
20423,2
20424,2
20425,3
20426,3
20428,1
20429,3
20430,2
20431,2
20433,3
20434,0
20436,0
20437,4
20438,4
20439,1
20440,0
20441,3
20442,1
20443,0
20444,2
20445,2
20446,0
20447,1
20448,4
20449,2
20450,4
20451,3
20452,2
20453,2
20454,2
20456,2
20457,2
20458,2
20459,1
20460,2
20461,2
20462,2
20463,2
20465,2
20466,2
20468,2
20469,2
20470,2
20471,2
20472,1
20473,2
20474,0
20475,4
20476,2
20477,0
20478,0
20479,2
20482,3
20483,1
20486,2
20487,0
20488,2
20489,3
20490,1
20492,3
20493,4
20494,4
20495,4
20496,3
20497,2
20498,1
20501,0
20502,2
20504,4
20505,1
20507,2
20509,4
20510,1
20511,3
20512,3
20513,4
20514,3
20516,3
20517,2
20518,2
20519,1
20520,2
20521,2
20522,3
20524,0
20525,2
20526,3
20527,3
20528,1
20529,1
20530,0
20533,2
20534,2
20535,2
20536,2
20537,1
20538,2
20539,3
20540,3
20541,2
20542,2
20543,2
20544,2
20545,2
20546,3
20547,2
20549,2
20551,2
20553,1
20554,2
20556,1
20557,1
20558,4
20559,2
20560,2
20561,4
20562,3
20563,2
20564,3
20565,1
20566,1
20567,2
20568,0
20569,2
20570,2
20571,3
20572,1
20574,1
20575,1
20576,3
20577,3
20578,3
20581,2
20583,2
20584,3
20585,2
20586,3
20587,0
20588,1
20589,4
20590,2
20591,0
20592,0
20593,2
20594,2
20595,0
20597,4
20598,2
20599,2
20600,1
20601,4
20603,1
20605,1
20606,3
20607,2
20609,0
20610,0
20613,2
20614,2
20615,4
20616,3
20617,1
20618,2
20619,4
20620,3
20623,2
20624,2
20625,4
20626,2
20627,3
20628,0
20629,2
20630,1
20631,2
20632,1
20633,3
20634,1
20635,4
20636,4
20638,4
20639,0
20640,2
20641,3
20642,2
20643,2
20644,2
20645,2
20647,2
20648,2
20649,2
20650,2
20653,0
20655,0
20657,0
20659,2
20660,2
20661,1
20662,3
20663,4
20664,4
20665,3
20666,3
20667,3
20668,0
20670,2
20671,2
20672,2
20674,2
20675,2
20676,2
20677,2
20678,2
20679,2
20680,3
20681,2
20682,4
20683,2
20684,2
20686,2
20689,3
20690,1
20691,3
20692,2
20693,0
20694,3
20695,2
20696,3
20697,4
20698,3
20699,0
20700,2
20701,2
20703,1
20704,2
20705,0
20707,2
20708,0
20710,2
20711,3
20713,1
20714,4
20715,3
20716,2
20717,1
20718,2
20719,1
20722,0
20723,2
20724,4
20725,4
20728,0
20729,2
20730,0
20731,2
20732,0
20733,1
20734,1
20735,2
20736,0
20737,1
20739,1
20741,4
20742,2
20743,2
20744,2
20745,3
20746,1
20747,3
20748,1
20750,1
20751,2
20752,2
20753,1
20754,1
20755,2
20756,2
20757,2
20759,3
20760,2
20761,2
20762,3
20763,2
20764,2
20765,2
20766,2
20767,2
20768,0
20769,4
20770,3
20772,2
20773,3
20774,1
20775,2
20776,0
20777,2
20778,1
20779,1
20780,3
20781,2
20782,2
20783,2
20784,3
20786,3
20787,4
20788,2
20789,3
20790,1
20791,0
20792,2
20793,1
20794,1
20795,3
20796,2
20797,2
20798,2
20799,3
20801,4
20802,2
20803,2
20804,2
20805,2
20806,1
20807,2
20808,2
20810,1
20811,4
20812,1
20814,1
20816,2
20817,4
20818,4
20819,1
20821,2
20822,1
20823,3
20824,2
20825,2
20826,2
20827,2
20828,4
20829,2
20830,2
20831,2
20832,2
20833,2
20835,2
20836,2
20837,2
20840,0
20841,2
20843,2
20845,0
20848,2
20849,1
20850,2
20851,0
20852,2
20853,2
20854,0
20855,3
20856,2
20857,0
20858,1
20859,0
20861,2
20864,4
20866,1
20867,2
20869,1
20870,0
20871,4
20872,2
20876,2
20877,3
20878,1
20879,3
20880,2
20881,2
20882,2
20883,2
20884,3
20885,0
20886,2
20887,1
20889,3
20890,2
20891,2
20892,3
20893,2
20894,1
20895,1
20897,3
20898,2
20899,2
20901,2
20902,4
20903,2
20904,0
20905,0
20906,2
20907,1
20909,3
20910,2
20911,1
20912,1
20913,2
20914,0
20915,2
20916,2
20918,2
20919,2
20920,1
20923,1
20925,0
20926,3
20927,0
20928,2
20929,2
20930,2
20931,1
20932,1
20933,1
20934,3
20935,1
20936,0
20938,1
20939,2
20940,2
20942,2
20943,2
20944,1
20945,2
20947,3
20948,3
20949,2
20952,4
20953,4
20954,2
20955,2
20956,1
20958,2
20959,2
20960,2
20961,3
20962,0
20963,2
20965,1
20966,3
20967,2
20968,2
20969,1
20970,2
20972,1
20974,3
20975,2
20976,2
20977,2
20978,1
20979,2
20980,1
20981,0
20982,1
20983,2
20984,1
20985,2
20986,3
20987,3
20988,3
20989,0
20990,4
20991,2
20992,1
20993,2
20994,2
20995,0
20996,1
20997,0
20998,3
20999,2
21000,2
21001,2
21002,1
21003,2
21004,2
21006,2
21008,1
21011,2
21013,1
21014,1
21015,1
21016,2
21018,2
21020,1
21022,2
21023,3
21024,2
21025,1
21026,4
21028,0
21030,1
21031,1
21032,3
21034,0
21035,4
21039,2
21040,2
21041,1
21043,1
21044,1
21046,2
21047,3
21048,3
21049,1
21050,0
21051,2
21052,2
21053,3
21054,2
21055,1
21056,2
21057,4
21058,2
21059,1
21060,1
21061,0
21062,0
21063,1
21065,0
21066,2
21067,0
21068,2
21069,4
21070,2
21071,1
21072,2
21073,1
21074,3
21076,2
21077,0
21078,3
21079,0
21080,2
21081,2
21082,2
21084,3
21085,2
21086,1
21087,3
21089,3
21090,2
21091,0
21092,1
21093,2
21094,0
21095,2
21096,2
21097,3
21098,2
21100,1
21102,3
21103,3
21105,3
21107,1
21108,2
21110,3
21111,2
21112,3
21113,2
21114,3
21115,2
21116,2
21117,2
21118,2
21119,2
21122,1
21123,2
21124,3
21125,2
21126,3
21129,1
21130,0
21131,4
21132,2
21133,1
21135,3
21136,1
21137,1
21138,1
21139,4
21140,1
21141,0
21142,4
21143,1
21144,2
21145,0
21147,2
21148,2
21150,3
21151,2
21152,1
21153,2
21154,2
21155,2
21156,3
21157,2
21158,0
21159,2
21160,2
21161,0
21162,1
21163,4
21164,3
21165,0
21166,3
21167,2
21168,1
21169,0
21170,2
21171,2
21172,0
21173,4
21174,1
21175,2
21176,2
21177,4
21180,1
21181,2
21182,3
21183,3
21184,0
21185,2
21186,2
21187,3
21188,0
21190,2
21191,1
21192,0
21193,1
21194,2
21195,3
21196,0
21197,2
21198,1
21199,2
21200,1
21201,3
21203,2
21204,4
21205,0
21206,0
21207,1
21208,1
21209,0
21210,4
21211,1
21212,2
21213,0
21215,3
21216,3
21217,4
21218,1
21220,1
21221,2
21222,2
21223,2
21224,4
21225,1
21226,2
21227,2
21228,0
21229,2
21230,2
21231,2
21232,1
21233,2
21237,2
21238,3
21239,2
21242,2
21243,1
21244,4
21245,3
21246,0
21247,2
21248,1
21250,4
21251,1
21254,1
21255,4
21256,3
21257,2
21258,0
21260,3
21261,4
21262,0
21263,0
21267,2
21268,3
21269,4
21270,2
21271,2
21272,1
21273,1
21274,2
21275,1
21276,3
21277,2
21279,4
21280,3
21281,4
21282,0
21284,2
21285,2
21286,1
21288,2
21289,3
21290,1
21291,3
21292,1
21293,1
21294,2
21295,0
21296,2
21297,2
21298,0
21299,3
21300,2
21301,2
21302,2
21303,1
21304,1
21305,2
21306,2
21307,2
21308,1
21309,4
21310,2
21311,2
21312,3
21313,3
21314,3
21315,3
21316,1
21317,2
21318,1
21320,1
21322,1
21323,2
21324,3
21326,2
21328,2
21329,2
21331,2
21332,0
21333,3
21334,0
21335,2
21337,2
21338,1
21339,2
21340,2
21342,3
21343,3
21344,0
21345,2
21346,3
21347,1
21349,1
21350,2
21351,2
21352,2
21355,2
21356,4
21357,2
21358,4
21359,1
21360,1
21363,1
21364,3
21366,2
21368,1
21369,1
21370,2
21371,0
21372,4
21373,1
21374,1
21375,1
21376,1
21379,3
21380,2
21381,3
21382,2
21383,1
21384,3
21385,3
21386,3
21388,2
21389,0
21390,3
21391,2
21393,1
21394,1
21396,2
21397,1
21398,1
21399,2
21401,4
21402,2
21403,0
21404,1
21405,1
21406,1
21407,2
21408,2
21409,2
21410,3
21412,4
21413,2
21415,2
21416,2
21417,2
21418,1
21419,4
21420,2
21421,0
21422,3
21423,1
21424,2
21426,3
21427,1
21428,2
21430,1
21431,2
21432,2
21433,2
21434,2
21435,2
21436,3
21438,2
21441,2
21442,0
21443,0
21444,1
21445,2
21446,3
21447,2
21448,3
21449,2
21450,2
21451,3
21452,4
21453,2
21454,1
21455,1
21456,1
21457,1
21458,0
21460,2
21461,2
21462,3
21464,2
21465,3
21466,1
21467,4
21468,0
21469,2
21470,2
21472,3
21473,2
21474,2
21475,3
21476,2
21477,3
21479,2
21480,4
21483,3
21486,3
21487,0
21488,1
21490,1
21491,1
21492,3
21493,2
21495,3
21496,2
21497,3
21498,3
21499,4
21500,2
21501,3
21503,0
21504,2
21506,1
21507,1
21508,2
21510,2
21511,2
21512,2
21515,2
21516,1
21517,2
21519,3
21520,0
21521,2
21522,4
21523,1
21524,2
21525,2
21527,2
21528,1
21529,0
21531,2
21532,2
21533,3
21534,1
21535,2
21536,3
21537,1
21538,1
21539,1
21540,0
21542,1
21544,0
21545,3
21546,3
21547,2
21548,2
21549,4
21550,2
21551,2
21552,2
21553,0
21554,3
21555,3
21556,2
21558,2
21559,3
21560,1
21561,2
21562,3
21563,3
21564,1
21565,2
21567,2
21568,4
21569,2
21571,3
21572,0
21573,2
21574,1
21575,2
21576,2
21577,3
21578,2
21579,2
21580,1
21581,3
21582,0
21583,2
21584,2
21585,2
21586,1
21587,0
21588,3
21589,2
21590,1
21592,1
21593,1
21594,1
21595,2
21596,1
21597,1
21598,1
21599,0
21601,0
21602,2
21603,2
21604,4
21606,1
21607,4
21608,2
21609,2
21610,0
21611,3
21612,1
21613,2
21615,2
21616,0
21617,0
21619,2
21620,2
21622,2
21624,2
21625,1
21626,1
21627,2
21628,2
21629,2
21630,1
21631,2
21632,3
21634,0
21635,2
21636,2
21637,3
21639,2
21640,3
21642,2
21643,3
21644,2
21645,2
21646,2
21647,3
21648,3
21649,3
21650,2
21651,3
21652,4
21653,2
21654,2
21660,1
21661,4
21662,1
21663,2
21664,4
21666,0
21667,2
21668,2
21669,2
21670,1
21672,1
21673,0
21674,2
21675,2
21676,3
21677,3
21678,4
21679,3
21680,0
21681,1
21683,2
21684,2
21685,1
21686,3
21687,3
21688,2
21689,3
21690,1
21691,2
21692,2
21693,1
21694,1
21695,2
21696,2
21697,3
21698,2
21700,2
21702,2
21703,2
21704,3
21705,2
21706,4
21707,3
21708,4
21709,4
21710,2
21711,1
21713,1
21714,3
21715,2
21716,3
21717,1
21718,2
21719,2
21721,4
21722,4
21724,3
21725,1
21727,2
21728,1
21729,3
21732,2
21733,2
21734,2
21735,2
21736,2
21737,2
21738,1
21740,2
21741,0
21742,2
21743,0
21744,2
21745,3
21746,1
21747,1
21748,1
21749,2
21750,2
21751,4
21752,2
21753,3
21755,1
21756,4
21757,1
21758,2
21759,3
21760,2
21761,3
21762,2
21763,4
21764,1
21765,3
21766,2
21768,0
21769,2
21770,2
21771,2
21772,3
21773,3
21774,2
21775,1
21776,0
21777,2
21778,2
21779,1
21780,4
21781,1
21782,4
21783,2
21784,2
21786,2
21787,2
21788,2
21789,2
21790,1
21791,2
21792,1
21793,2
21794,0
21795,1
21797,2
21798,2
21799,1
21800,4
21801,3
21802,3
21804,2
21806,2
21807,3
21808,2
21809,0
21810,3
21811,2
21812,3
21813,3
21814,2
21815,3
21816,3
21817,1
21818,0
21819,3
21821,2
21822,4
21823,2
21824,4
21825,2
21826,1
21828,1
21829,3
21831,2
21832,2
21833,0
21835,3
21836,2
21837,0
21838,1
21839,2
21840,2
21841,2
21842,2
21843,4
21844,2
21845,2
21849,2
21850,4
21851,0
21852,3
21853,1
21854,3
21855,2
21856,3
21857,2
21858,2
21860,3
21861,3
21862,2
21863,3
21864,1
21867,1
21868,2
21870,2
21873,3
21874,2
21875,1
21876,1
21877,1
21878,4
21880,3
21881,3
21883,2
21884,2
21885,2
21886,2
21887,4
21889,3
21890,1
21891,1
21892,2
21893,3
21894,2
21895,2
21896,2
21897,4
21899,2
21900,4
21901,3
21902,2
21903,2
21904,0
21905,3
21907,0
21908,1
21909,4
21910,3
21911,0
21912,3
21914,1
21915,3
21916,3
21917,2
21918,1
21920,3
21921,1
21923,2
21924,2
21926,2
21927,2
21929,0
21930,2
21933,2
21934,2
21935,1
21936,1
21937,2
21938,2
21939,2
21940,2
21941,2
21942,0
21943,2
21944,2
21945,2
21946,0
21947,1
21948,2
21949,3
21950,3
21952,3
21953,2
21954,2
21955,2
21956,1
21959,3
21960,2
21961,2
21962,3
21963,3
21964,4
21966,0
21967,3
21968,1
21970,2
21971,3
21972,1
21973,2
21974,2
21975,3
21976,3
21977,3
21982,0
21983,0
21984,1
21986,2
21987,0
21988,1
21990,3
21991,3
21993,0
21994,2
21995,4
21996,2
21997,2
21998,2
22000,0
22001,2
22002,1
22003,2
22004,1
22005,1
22006,1
22007,2
22008,2
22009,2
22010,1
22011,4
22012,1
22013,4
22014,2
22015,2
22016,2
22017,3
22018,2
22019,2
22020,3
22021,2
22023,0
22027,0
22029,2
22031,1
22032,2
22034,2
22035,2
22036,2
22037,3
22038,4
22039,4
22040,2
22041,2
22042,1
22043,1
22044,2
22045,0
22046,3
22047,2
22048,1
22049,3
22051,2
22052,4
22053,2
22054,2
22055,1
22056,2
22057,1
22058,2
22059,2
22060,0
22062,3
22063,4
22064,2
22065,2
22066,2
22067,1
22070,1
22071,3
22072,2
22073,1
22074,4
22075,2
22076,1
22077,2
22078,1
22080,1
22081,2
22082,2
22083,0
22086,1
22087,2
22088,1
22089,1
22090,4
22091,0
22092,4
22093,3
22095,1
22096,1
22098,2
22099,3
22100,2
22101,3
22102,1
22106,2
22107,3
22108,1
22109,4
22110,2
22111,1
22112,2
22114,2
22116,1
22117,1
22118,3
22119,4
22121,1
22122,1
22125,2
22126,3
22127,2
22128,0
22129,0
22131,1
22132,2
22133,3
22134,2
22135,2
22136,2
22137,3
22138,2
22140,1
22141,2
22142,2
22143,2
22144,1
22145,4
22149,1
22150,2
22151,2
22152,2
22153,1
22154,3
22156,0
22157,0
22158,1
22159,3
22160,2
22161,1
22162,0
22163,0
22164,0
22165,3
22166,2
22168,2
22171,2
22172,1
22173,1
22176,2
22177,2
22179,2
22180,3
22181,2
22182,2
22183,3
22184,1
22185,3
22188,3
22190,2
22192,2
22193,3
22194,4
22196,3
22197,1
22198,4
22199,0
22200,1
22202,1
22203,2
22204,2
22205,0
22206,2
22207,3
22208,1
22209,0
22210,1
22211,1
22212,2
22213,1
22215,2
22216,3
22217,1
22218,2
22219,0
22220,0
22221,2
22222,2
22223,2
22224,2
22225,2
22227,2
22228,2
22229,2
22230,2
22231,1
22232,1
22235,1
22236,1
22237,1
22238,2
22240,2
22241,0
22242,1
22243,0
22244,0
22245,3
22248,1
22249,0
22250,1
22251,4
22254,2
22255,3
22257,0
22258,1
22259,1
22260,1
22261,3
22263,2
22264,2
22265,1
22266,1
22267,2
22268,1
22269,2
22270,2
22271,1
22273,4
22274,2
22275,4
22276,0
22277,2
22278,2
22279,1
22280,2
22281,2
22282,2
22284,0
22285,0
22288,1
22289,1
22290,0
22291,0
22293,1
22294,3
22296,2
22297,3
22298,3
22300,3
22301,3
22302,3
22303,2
22304,2
22305,2
22307,2
22308,0
22309,3
22310,2
22313,3
22314,2
22315,3
22316,1
22318,1
22320,3
22322,2
22323,3
22324,1
22326,2
22327,2
22328,1
22329,4
22330,2
22331,2
22332,1
22333,1
22334,2
22335,2
22337,2
22338,2
22339,3
22340,4
22341,2
22342,2
22343,3
22344,3
22345,2
22348,3
22350,1
22351,3
22352,3
22353,0
22354,2
22355,0
22356,2
22357,3
22358,2
22360,3
22361,1
22362,1
22363,1
22364,3
22365,2
22366,2
22367,1
22368,0
22369,1
22371,0
22372,3
22373,1
22374,0
22376,4
22377,2
22378,1
22379,2
22380,2
22381,2
22382,4
22383,0
22384,3
22386,0
22387,4
22388,2
22389,2
22390,3
22391,1
22393,2
22394,2
22395,4
22396,1
22398,2
22399,2
22400,1
22401,2
22402,2
22403,1
22404,3
22405,2
22406,1
22408,2
22409,2
22410,2
22411,2
22413,2
22414,0
22416,2
22417,1
22418,3
22419,2
22420,2
22421,2
22422,2
22424,2
22425,1
22426,2
22427,2
22428,3
22429,1
22432,1
22434,1
22435,4
22436,1
22438,1
22439,3
22440,2
22441,0
22442,2
22443,1
22444,1
22445,2
22446,4
22447,4
22448,1
22449,3
22450,1
22451,0
22452,3
22453,2
22454,0
22455,2
22456,2
22458,1
22459,3
22460,2
22461,1
22462,3
22463,1
22464,3
22467,2
22468,2
22472,2
22473,2
22474,4
22475,2
22476,2
22477,1
22478,2
22479,2
22480,2
22481,2
22483,3
22487,2
22488,2
22489,2
22490,3
22491,0
22492,1
22494,4
22495,2
22496,3
22498,2
22499,3
22500,2
22501,2
22502,3
22503,1
22504,2
22505,1
22506,2
22507,3
22508,3
22509,4
22510,3
22511,4
22512,2
22513,2
22514,2
22515,0
22516,2
22517,2
22520,1
22524,2
22525,1
22526,1
22527,2
22528,2
22529,2
22530,1
22531,2
22532,3
22534,1
22536,2
22537,2
22538,4
22539,3
22542,2
22543,2
22544,2
22547,1
22548,2
22549,3
22550,2
22551,3
22553,1
22554,2
22555,2
22556,2
22557,1
22558,2
22559,3
22560,2
22561,1
22562,1
22563,0
22564,1
22566,2
22567,2
22569,1
22570,3
22571,2
22572,3
22573,2
22574,1
22575,1
22576,1
22578,3
22580,2
22581,2
22582,1
22583,2
22584,4
22585,2
22587,3
22588,0
22590,2
22591,2
22592,2
22593,1
22594,1
22595,1
22596,2
22598,4
22599,0
22601,2
22602,1
22603,0
22604,3
22605,2
22606,1
22607,3
22608,2
22609,3
22610,1
22611,3
22612,4
22613,2
22614,2
22615,2
22616,0
22617,2
22618,3
22619,2
22620,2
22621,1
22622,3
22623,2
22624,1
22625,2
22626,3
22627,2
22628,1
22630,1
22631,1
22633,4
22634,2
22635,2
22636,2
22637,2
22639,2
22641,3
22642,2
22644,3
22645,0
22647,2
22648,1
22649,2
22650,4
22651,2
22652,3
22653,2
22654,2
22656,1
22657,3
22658,4
22660,0
22661,3
22663,2
22664,2
22666,2
22668,3
22669,1
22670,2
22671,2
22672,2
22673,2
22674,1
22675,2
22676,0
22677,1
22678,0
22679,2
22680,2
22682,1
22683,3
22684,0
22685,3
22686,2
22687,2
22689,1
22690,2
22691,2
22692,2
22694,1
22696,2
22697,1
22701,0
22702,1
22703,2
22704,0
22705,1
22706,2
22709,2
22710,2
22711,1
22712,2
22714,2
22715,2
22716,3
22717,2
22718,1
22719,2
22720,2
22723,2
22724,2
22725,2
22726,2
22728,1
22729,2
22730,2
22731,2
22732,2
22733,2
22735,2
22736,3
22739,2
22740,4
22741,2
22742,1
22744,2
22745,2
22746,2
22748,0
22750,3
22752,2
22753,2
22754,3
22755,1
22756,1
22757,2
22758,4
22759,4
22760,2
22761,2
22763,0
22765,1
22766,2
22767,3
22768,2
22770,1
22772,4
22773,0
22774,2
22775,0
22776,1
22777,3
22778,1
22779,1
22780,3
22782,0
22784,2
22785,2
22786,2
22787,1
22788,2
22790,0
22791,2
22793,0
22794,2
22795,1
22796,2
22797,2
22799,2
22800,4
22801,1
22802,4
22803,2
22804,0
22805,1
22806,2
22807,2
22808,3
22809,1
22810,2
22811,4
22812,1
22813,1
22814,2
22815,1
22816,1
22817,2
22818,1
22819,1
22820,2
22821,1
22822,2
22823,2
22824,2
22825,0
22826,1
22827,2
22828,1
22829,4
22830,2
22831,2
22832,1
22833,2
22834,2
22835,4
22836,2
22837,2
22838,2
22839,2
22840,1
22841,2
22842,3
22843,0
22844,2
22845,0
22846,3
22847,2
22848,4
22850,0
22851,4
22852,1
22853,2
22854,4
22855,2
22856,3
22857,3
22859,0
22860,2
22861,1
22862,4
22863,3
22866,1
22867,1
22868,3
22869,1
22870,1
22871,1
22872,3
22873,2
22874,2
22875,3
22877,2
22878,2
22879,2
22880,1
22881,3
22882,3
22883,2
22884,2
22886,1
22887,3
22890,2
22892,2
22893,1
22895,2
22896,0
22897,2
22898,1
22899,1
22900,0
22901,2
22902,3
22903,0
22904,2
22905,0
22906,1
22907,2
22908,0
22909,2
22910,2
22913,2
22914,2
22915,1
22916,1
22917,2
22918,1
22919,3
22920,4
22921,2
22922,0
22923,2
22924,3
22925,1
22926,1
22927,2
22929,0
22930,4
22931,3
22932,2
22933,4
22935,2
22936,2
22937,0
22941,3
22942,0
22943,2
22944,1
22945,2
22946,1
22947,1
22948,1
22950,3
22951,2
22952,2
22953,1
22955,3
22956,2
22957,1
22958,1
22959,2
22960,3
22961,1
22962,2
22963,2
22964,2
22965,4
22968,2
22969,4
22970,0
22971,1
22972,2
22973,1
22976,1
22977,2
22978,4
22979,2
22980,2
22981,2
22982,1
22983,2
22984,2
22985,3
22986,3
22987,1
22990,0
22992,2
22993,2
22994,2
22995,2
22996,0
22997,3
22998,1
22999,3
23001,2
23002,2
23003,2
23004,3
23005,2
23008,2
23009,0
23010,2
23011,1
23012,2
23013,2
23014,2
23015,2
23016,3
23018,4
23019,1
23020,2
23021,1
23022,2
23023,2
23024,1
23026,3
23027,2
23028,4
23030,3
23032,2
23033,2
23034,0
23035,2
23037,2
23040,2
23041,2
23042,4
23043,2
23044,1
23045,1
23046,0
23048,0
23049,1
23050,2
23051,2
23052,2
23053,1
23054,3
23055,2
23056,2
23057,3
23058,2
23059,0
23060,1
23061,3
23062,3
23063,2
23065,0
23066,2
23067,2
23068,2
23069,1
23070,2
23071,2
23072,1
23073,1
23074,4
23075,2
23077,2
23078,2
23079,1
23080,2
23082,3
23083,2
23084,2
23085,2
23086,0
23087,1
23088,4
23089,1
23090,4
23091,2
23092,1
23093,0
23094,0
23095,2
23097,3
23098,3
23099,1
23100,2
23101,4
23102,2
23103,4
23104,3
23105,1
23106,4
23107,2
23108,1
23109,2
23110,2
23111,2
23112,1
23113,2
23114,2
23115,2
23116,1
23117,2
23119,1
23120,3
23122,2
23123,2
23124,2
23125,1
23126,1
23127,3
23128,3
23129,0
23130,2
23132,2
23133,1
23134,0
23135,2
23136,2
23137,3
23138,3
23139,1
23140,1
23141,1
23143,2
23144,1
23145,1
23146,4
23147,4
23148,2
23149,3
23151,3
23152,2
23153,4
23154,2
23155,1
23156,2
23157,3
23159,3
23160,2
23161,3
23162,2
23163,4
23164,3
23165,4
23166,3
23167,2
23168,2
23169,2
23170,4
23171,1
23172,3
23173,3
23174,2
23175,2
23176,0
23177,1
23178,3
23180,0
23181,2
23182,2
23184,2
23185,1
23186,3
23189,1
23190,3
23191,0
23192,2
23194,2
23195,1
23196,4
23197,0
23198,2
23199,2
23200,1
23201,2
23202,2
23203,1
23205,2
23206,2
23207,0
23208,0
23209,1
23210,2
23211,1
23212,2
23213,2
23214,3
23215,1
23216,3
23217,3
23219,1
23220,1
23221,3
23222,2
23223,1
23224,1
23225,0
23226,2
23227,2
23228,3
23230,1
23231,0
23232,3
23233,4
23234,2
23235,1
23236,2
23237,1
23238,2
23239,3
23240,0
23241,2
23242,3
23243,3
23244,2
23245,3
23246,1
23247,3
23249,2
23250,0
23252,0
23253,2
23254,2
23255,1
23256,1
23257,3
23258,2
23259,2
23260,2
23261,3
23262,1
23264,2
23265,1
23266,1
23267,0
23268,2
23269,3
23270,4
23271,2
23272,2
23273,2
23274,2
23275,2
23276,2
23277,3
23278,4
23279,0
23280,1
23281,4
23283,3
23284,2
23285,1
23286,2
23287,1
23288,0
23290,3
23291,2
23292,2
23293,2
23294,0
23295,2
23296,3
23297,2
23298,3
23299,2
23300,2
23302,2
23303,1
23304,1
23305,2
23306,3
23307,2
23308,1
23310,1
23312,2
23313,3
23314,2
23315,3
23317,2
23319,2
23320,2
23321,2
23322,2
23323,2
23324,4
23325,1
23326,2
23327,1
23328,2
23330,3
23331,4
23334,2
23335,2
23336,4
23337,0
23338,0
23339,1
23340,3
23341,3
23342,0
23343,2
23344,4
23345,2
23346,1
23347,2
23348,1
23349,2
23350,2
23351,2
23352,2
23353,0
23354,2
23355,3
23356,3
23358,0
23360,2
23362,3
23363,2
23364,2
23365,2
23366,1
23368,0
23369,0
23370,2
23371,1
23373,2
23374,2
23375,1
23376,0
23377,2
23378,3
23379,2
23380,2
23381,2
23382,1
23383,2
23384,0
23385,2
23387,2
23388,2
23389,1
23390,0
23391,2
23392,2
23393,2
23394,1
23395,1
23396,2
23397,2
23398,2
23399,2
23400,1
23401,2
23402,2
23404,1
23405,2
23406,2
23407,3
23408,2
23409,2
23410,2
23411,2
23412,4
23413,2
23414,4
23415,2
23416,2
23417,3
23418,3
23419,2
23422,3
23423,3
23424,1
23426,2
23427,2
23429,2
23430,1
23431,2
23432,3
23433,3
23434,3
23435,4
23436,3
23437,2
23438,2
23439,1
23440,1
23442,1
23444,2
23445,2
23447,1
23448,0
23449,2
23450,1
23451,3
23452,1
23453,1
23454,2
23455,0
23457,2
23458,2
23459,2
23460,1
23461,0
23462,4
23464,1
23465,2
23468,1
23469,2
23471,1
23472,2
23473,1
23475,4
23476,1
23477,3
23478,2
23479,2
23480,4
23481,3
23482,3
23483,0
23485,1
23486,2
23487,3
23489,1
23490,0
23492,3
23493,2
23494,1
23495,2
23496,1
23497,2
23498,3
23499,0
23500,1
23502,3
23503,1
23506,3
23507,1
23508,3
23511,1
23512,2
23514,3
23515,3
23516,3
23519,1
23520,3
23522,2
23523,0
23524,1
23526,4
23527,4
23528,2
23529,2
23530,2
23533,0
23535,2
23536,4
23537,2
23538,2
23539,3
23542,4
23543,1
23545,4
23546,2
23547,1
23548,2
23549,2
23550,2
23551,2
23553,1
23554,2
23555,1
23556,1
23557,2
23558,1
23560,3
23561,2
23562,2
23563,2
23564,2
23566,3
23567,2
23568,2
23569,3
23570,1
23571,2
23572,2
23573,2
23575,1
23576,2
23577,3
23578,2
23579,1
23580,2
23581,2
23582,2
23584,2
23585,0
23586,2
23587,1
23588,3
23589,2
23590,3
23592,3
23593,3
23594,2
23595,3
23596,1
23597,1
23599,1
23600,2
23602,3
23603,4
23604,2
23605,1
23606,2
23608,1
23609,3
23610,2
23611,2
23612,2
23613,2
23614,2
23615,4
23616,2
23617,0
23618,0
23619,2
23620,2
23621,0
23622,0
23624,1
23625,3
23626,1
23627,3
23628,1
23629,2
23630,2
23631,3
23632,0
23634,2
23635,4
23636,3
23637,3
23638,2
23639,1
23640,2
23641,0
23642,1
23643,3
23644,1
23645,1
23647,3
23648,2
23649,3
23650,2
23651,2
23652,4
23653,2
23655,2
23657,3
23658,2
23659,2
23660,0
23661,2
23663,2
23664,2
23665,2
23666,3
23667,1
23668,2
23669,2
23670,2
23672,2
23673,2
23674,1
23677,2
23678,1
23679,2
23680,3
23681,1
23683,3
23684,2
23685,2
23686,2
23688,0
23690,0
23691,4
23692,4
23693,1
23694,4
23695,2
23696,4
23697,2
23698,2
23699,1
23700,2
23701,0
23702,2
23703,1
23704,4
23705,1
23706,0
23707,1
23708,4
23709,2
23710,2
23711,0
23712,2
23713,2
23714,4
23715,0
23716,2
23717,3
23718,4
23720,2
23721,2
23722,2
23723,2
23724,1
23725,2
23726,2
23727,4
23728,2
23729,1
23730,3
23732,3
23733,2
23734,4
23735,2
23736,2
23737,1
23739,0
23742,2
23744,2
23746,4
23747,2
23749,2
23750,0
23751,2
23752,0
23753,2
23754,3
23755,2
23757,0
23758,2
23760,1
23761,0
23762,2
23763,3
23764,1
23765,1
23766,1
23767,2
23768,3
23769,2
23770,2
23771,1
23772,2
23773,0
23774,2
23775,0
23776,2
23777,2
23778,2
23779,2
23780,2
23781,4
23782,1
23783,2
23784,3
23785,2
23786,2
23787,2
23789,0
23790,1
23791,3
23793,2
23794,2
23795,3
23796,4
23797,2
23798,0
23799,3
23800,2
23801,1
23802,2
23803,4
23804,2
23805,2
23806,2
23807,3
23808,4
23809,0
23810,2
23811,2
23812,2
23813,4
23814,1
23815,2
23816,2
23817,3
23818,3
23819,2
23820,2
23821,2
23822,3
23823,2
23824,3
23826,2
23828,2
23830,2
23831,1
23832,1
23833,2
23835,1
23836,1
23837,3
23838,3
23839,1
23840,2
23842,3
23843,2
23844,2
23845,2
23846,2
23847,4
23848,0
23850,0
23851,2
23852,2
23853,2
23855,2
23856,2
23857,1
23860,3
23861,4
23863,1
23865,1
23867,3
23868,1
23869,2
23870,4
23871,1
23872,2
23876,3
23878,1
23879,3
23880,3
23881,2
23882,2
23885,0
23886,1
23887,0
23888,2
23890,2
23891,2
23892,3
23893,4
23894,3
23895,3
23896,2
23897,3
23898,2
23899,0
23900,3
23901,2
23902,1
23903,1
23904,2
23905,3
23906,2
23907,2
23908,3
23909,2
23910,2
23911,2
23912,4
23913,1
23914,1
23915,0
23917,2
23918,3
23919,2
23921,2
23923,4
23924,1
23925,2
23926,1
23928,2
23929,3
23930,2
23932,3
23933,2
23934,3
23935,2
23936,4
23937,1
23939,0
23940,2
23941,3
23942,2
23943,2
23945,4
23946,1
23947,2
23948,2
23951,1
23952,4
23954,0
23956,3
23957,3
23958,2
23959,0
23960,3
23961,1
23963,2
23964,2
23966,1
23967,1
23968,1
23969,0
23971,4
23972,1
23973,1
23974,1
23975,0
23976,2
23977,3
23978,2
23981,1
23982,3
23983,2
23984,3
23985,2
23986,3
23987,3
23988,3
23989,2
23991,2
23993,0
23994,2
23996,1
23998,2
23999,2
24000,1
24001,3
24002,2
24003,3
24004,0
24005,3
24006,2
24007,1
24008,1
24009,0
24011,3
24013,2
24014,0
24015,1
24017,3
24020,2
24021,2
24022,2
24024,4
24025,3
24026,3
24027,2
24028,2
24029,4
24030,3
24031,2
24032,4
24033,3
24034,2
24035,2
24036,2
24037,3
24038,3
24040,2
24041,1
24042,2
24043,1
24044,2
24045,3
24046,2
24048,3
24049,1
24050,3
24051,0
24052,1
24053,2
24054,2
24055,1
24056,1
24057,2
24058,0
24059,2
24060,4
24061,3
24063,4
24064,3
24065,3
24066,4
24067,1
24068,1
24069,2
24070,3
24071,2
24072,4
24073,2
24074,1
24076,0
24080,2
24081,2
24082,3
24084,1
24085,2
24086,4
24087,2
24088,1
24089,1
24090,4
24092,3
24093,4
24094,1
24095,2
24096,2
24097,3
24098,2
24099,1
24100,1
24101,2
24103,2
24104,2
24105,1
24106,1
24107,2
24108,3
24109,0
24110,2
24111,2
24112,4
24113,3
24114,2
24115,0
24117,2
24119,4
24120,2
24121,2
24123,3
24124,0
24125,2
24127,3
24128,2
24129,1
24130,3
24131,4
24133,2
24134,1
24135,2
24136,1
24137,0
24138,1
24139,1
24140,2
24141,1
24143,3
24144,2
24146,2
24148,0
24149,0
24150,2
24151,2
24153,1
24154,2
24157,3
24158,1
24159,0
24160,2
24162,4
24164,2
24165,0
24166,1
24167,2
24168,1
24169,2
24170,3
24171,2
24173,4
24174,1
24175,3
24176,1
24177,2
24178,3
24179,3
24180,2
24182,1
24183,2
24184,0
24185,3
24186,2
24187,1
24188,2
24189,0
24190,0
24191,2
24192,1
24193,2
24194,1
24195,0
24196,2
24197,2
24198,3
24199,0
24201,0
24203,1
24204,3
24205,4
24206,2
24209,1
24210,3
24211,2
24212,0
24213,2
24214,2
24216,4
24217,1
24218,3
24219,2
24220,3
24221,2
24222,3
24223,2
24224,2
24225,1
24226,2
24228,3
24229,1
24230,2
24231,3
24232,2
24233,0
24234,2
24235,2
24236,1
24237,0
24238,1
24239,0
24240,2
24241,0
24242,2
24243,2
24244,2
24245,1
24246,1
24247,0
24250,1
24252,3
24253,3
24254,0
24255,2
24256,2
24257,3
24258,2
24259,2
24260,2
24262,2
24264,2
24265,0
24266,0
24267,4
24268,2
24269,2
24270,2
24271,2
24272,2
24273,2
24274,2
24275,2
24278,2
24279,1
24280,1
24282,2
24283,1
24285,2
24286,3
24287,2
24288,2
24290,2
24291,2
24292,3
24294,2
24295,3
24296,1
24298,2
24299,0
24300,0
24301,3
24302,3
24303,2
24304,2
24305,1
24307,4
24308,1
24309,2
24310,3
24312,4
24313,4
24314,1
24316,1
24317,1
24318,2
24319,2
24320,4
24321,3
24322,1
24323,3
24324,2
24325,1
24327,2
24328,1
24329,3
24330,1
24331,1
24332,2
24333,2
24334,2
24335,2
24336,3
24337,1
24338,2
24339,3
24341,2
24342,2
24343,1
24344,4
24347,2
24349,2
24350,1
24351,2
24353,2
24354,1
24355,3
24356,0
24357,2
24359,1
24360,0
24361,2
24362,0
24363,2
24364,3
24365,1
24367,3
24368,3
24369,2
24371,0
24372,2
24374,2
24375,1
24376,3
24378,3
24380,3
24381,1
24383,1
24384,2
24386,2
24387,0
24388,2
24389,1
24390,2
24392,3
24393,2
24396,2
24397,2
24398,3
24399,2
24400,4
24401,4
24402,0
24404,1
24405,2
24406,2
24409,1
24411,0
24412,1
24413,2
24414,2
24415,2
24416,2
24418,0
24419,4
24420,4
24421,0
24423,4
24424,2
24425,1
24426,2
24427,2
24428,2
24430,2
24431,2
24432,3
24434,1
24435,2
24436,4
24438,2
24439,1
24440,2
24441,0
24443,2
24446,2
24448,0
24449,2
24450,0
24451,3
24452,2
24453,2
24454,0
24455,2
24456,4
24457,2
24459,1
24460,1
24461,2
24462,2
24463,1
24464,1
24465,4
24466,2
24469,2
24471,2
24473,2
24475,2
24476,0
24477,0
24478,4
24479,2
24480,1
24481,1
24482,2
24483,2
24484,2
24485,1
24486,3
24487,2
24488,2
24489,1
24490,2
24491,1
24492,1
24493,0
24494,1
24495,2
24496,4
24497,3
24498,2
24499,2
24500,0
24501,0
24502,1
24503,2
24504,2
24505,1
24506,2
24507,0
24508,4
24509,2
24510,0
24512,3
24513,1
24515,2
24516,2
24517,3
24518,1
24519,2
24520,1
24521,2
24522,2
24523,2
24524,4
24525,2
24526,1
24527,2
24528,1
24529,3
24531,2
24532,2
24533,1
24534,2
24535,2
24536,2
24537,3
24538,3
24539,2
24540,2
24541,2
24542,0
24543,2
24545,4
24546,2
24547,1
24548,2
24549,2
24550,1
24552,2
24553,2
24555,3
24557,4
24558,4
24559,1
24560,2
24561,2
24562,3
24563,2
24564,2
24566,1
24567,2
24568,3
24569,4
24570,1
24572,2
24573,2
24574,2
24575,2
24576,0
24577,2
24578,2
24580,3
24581,0
24582,2
24583,2
24584,0
24585,2
24587,4
24588,2
24590,1
24591,2
24592,3
24594,2
24595,3
24596,4
24597,3
24598,2
24600,2
24603,0
24605,1
24606,4
24607,2
24608,1
24610,2
24611,2
24613,4
24614,1
24615,1
24616,4
24618,1
24619,3
24620,2
24621,2
24622,4
24623,2
24625,4
24627,2
24628,2
24629,0
24632,0
24633,4
24634,2
24635,2
24636,2
24637,1
24640,0
24641,3
24643,2
24644,2
24645,3
24647,1
24648,0
24649,3
24650,1
24652,1
24654,4
24655,0
24656,2
24657,2
24658,2
24659,2
24660,1
24661,2
24662,2
24663,1
24664,2
24665,1
24666,2
24667,4
24668,0
24669,1
24670,2
24671,1
24672,1
24673,3
24674,2
24675,2
24677,1
24678,2
24680,1
24681,2
24685,1
24686,2
24687,1
24688,4
24689,2
24690,2
24691,1
24692,3
24693,1
24694,2
24696,1
24697,2
24698,2
24700,4
24701,2
24703,3
24704,2
24705,2
24707,2
24708,2
24709,0
24710,2
24711,2
24712,2
24713,3
24714,3
24715,1
24717,2
24718,2
24719,4
24720,1
24721,2
24722,2
24723,2
24724,4
24727,3
24728,1
24731,1
24732,4
24734,2
24735,3
24736,2
24737,2
24738,1
24739,4
24740,2
24741,4
24742,2
24743,2
24745,2
24746,3
24747,2
24748,1
24749,2
24750,1
24751,3
24752,2
24753,2
24754,4
24755,2
24757,0
24758,3
24759,1
24762,4
24765,3
24766,2
24767,1
24768,2
24769,4
24770,2
24771,3
24772,4
24773,1
24774,2
24775,4
24776,1
24777,2
24778,2
24779,2
24782,3
24783,2
24784,2
24785,2
24786,2
24787,2
24788,1
24789,2
24790,4
24791,1
24793,2
24794,2
24796,3
24797,3
24798,2
24800,4
24801,2
24802,1
24803,4
24805,4
24807,4
24808,2
24809,2
24810,0
24811,1
24812,2
24813,2
24814,2
24815,3
24816,4
24817,2
24818,2
24819,1
24820,2
24821,1
24827,2
24828,4
24829,1
24830,2
24831,2
24833,2
24835,3
24836,2
24837,1
24838,3
24839,2
24840,4
24841,2
24842,2
24844,0
24845,1
24846,3
24847,2
24848,3
24849,3
24850,1
24852,2
24853,2
24854,2
24855,2
24858,1
24859,2
24860,1
24862,0
24863,2
24864,2
24865,2
24866,2
24867,2
24868,2
24869,2
24870,2
24871,3
24872,2
24874,3
24875,4
24876,4
24877,2
24878,2
24880,1
24881,2
24882,0
24883,2
24885,2
24886,1
24887,2
24888,1
24889,2
24891,1
24892,2
24893,2
24894,2
24897,0
24899,3
24900,3
24901,2
24904,1
24905,1
24906,1
24907,3
24908,2
24909,0
24911,2
24912,0
24913,2
24914,2
24916,4
24917,1
24918,0
24919,4
24920,3
24921,2
24922,0
24923,2
24924,2
24925,4
24926,4
24927,1
24928,4
24929,1
24930,4
24931,2
24932,2
24933,2
24934,0
24935,1
24936,3
24937,3
24938,4
24939,2
24941,2
24942,2
24943,1
24944,2
24945,1
24948,3
24950,0
24951,3
24952,1
24953,1
24954,1
24956,3
24957,4
24958,2
24959,1
24960,1
24961,0
24963,2
24964,2
24965,2
24967,1
24969,3
24970,2
24971,4
24973,2
24974,1
24975,4
24976,2
24978,2
24979,1
24980,2
24981,2
24982,2
24983,2
24984,2
24985,1
24987,2
24989,2
24990,2
24991,2
24993,2
24994,3
24995,1
24998,4
25000,2
25001,4
25003,2
25006,2
25008,2
25009,1
25010,3
25011,1
25012,3
25013,3
25014,1
25015,1
25016,1
25017,1
25018,2
25019,2
25020,1
25021,2
25022,0
25023,1
25024,4
25025,2
25027,2
25028,1
25029,0
25031,1
25032,2
25035,3
25036,3
25037,0
25040,4
25042,2
25045,4
25047,1
25048,2
25049,0
25050,2
25053,4
25054,1
25055,2
25056,3
25057,0
25058,2
25059,2
25060,3
25065,2
25066,0
25067,1
25068,2
25069,1
25070,1
25071,2
25072,1
25073,2
25075,2
25077,2
25078,2
25079,2
25080,3
25081,1
25082,2
25083,2
25084,0
25085,1
25086,3
25087,4
25088,2
25089,2
25090,2
25093,3
25095,2
25096,0
25097,4
25098,3
25099,4
25100,4
25103,1
25104,2
25105,1
25106,0
25107,2
25108,2
25109,4
25110,2
25111,2
25112,3
25113,2
25114,2
25115,2
25116,2
25117,2
25118,0
25119,2
25120,3
25121,0
25122,2
25123,1
25124,2
25125,1
25126,0
25127,4
25129,2
25130,2
25131,3
25132,2
25133,2
25134,3
25135,4
25136,2
25137,2
25138,3
25139,2
25140,2
25141,2
25143,2
25144,3
25146,3
25147,2
25148,1
25149,2
25150,1
25152,2
25153,2
25154,4
25155,4
25156,0
25157,3
25158,2
25159,1
25160,0
25161,4
25162,0
25163,2
25164,0
25165,0
25166,2
25168,2
25169,1
25170,2
25171,2
25172,1
25173,1
25174,2
25175,2
25176,3
25177,3
25178,1
25179,2
25180,3
25182,2
25183,4
25184,0
25187,1
25188,1
25189,1
25190,2
25191,3
25192,0
25193,0
25194,2
25195,2
25196,0
25197,0
25198,0
25199,1
25200,1
25201,0
25202,2
25203,3
25204,3
25205,1
25206,2
25207,0
25209,1
25210,1
25211,4
25212,2
25213,2
25214,2
25216,1
25217,2
25218,1
25220,3
25221,2
25222,2
25223,1
25224,2
25225,0
25226,0
25228,2
25229,2
25231,0
25232,1
25233,2
25234,2
25235,2
25236,0
25237,1
25238,0
25239,3
25240,2
25241,0
25242,2
25243,2
25244,1
25245,2
25247,3
25248,0
25249,4
25251,0
25254,1
25255,2
25256,2
25257,2
25258,3
25259,2
25260,3
25261,2
25262,2
25264,3
25265,2
25267,2
25268,2
25269,2
25271,0
25272,1
25273,0
25274,2
25275,3
25276,1
25277,4
25278,3
25279,4
25280,2
25281,2
25282,3
25283,2
25284,0
25285,1
25286,3
25287,0
25288,2
25289,1
25290,2
25291,2
25292,1
25293,2
25294,0
25295,3
25296,1
25297,3
25298,4
25300,1
25301,2
25302,1
25304,2
25306,1
25307,2
25308,1
25309,1
25310,2
25311,3
25312,0
25313,2
25314,0
25315,4
25316,3
25317,4
25318,2
25319,2
25321,2
25323,1
25324,3
25325,2
25326,0
25327,2
25328,4
25329,4
25330,1
25331,2
25332,1
25333,2
25334,2
25335,3
25336,4
25337,3
25338,3
25340,4
25341,0
25343,2
25344,3
25345,1
25346,4
25347,2
25348,3
25349,2
25350,2
25351,3
25353,0
25354,2
25355,1
25356,3
25357,1
25358,1
25359,0
25360,3
25361,3
25362,2
25363,2
25364,1
25366,2
25367,2
25368,4
25370,4
25373,2
25374,1
25375,0
25376,2
25377,0
25379,4
25380,2
25381,4
25382,1
25383,3
25384,3
25385,3
25386,0
25387,3
25390,2
25391,2
25395,2
25396,2
25398,1
25399,2
25402,1
25403,1
25404,2
25405,0
25408,2
25409,1
25410,0
25412,2
25414,4
25415,3
25417,3
25418,2
25419,2
25421,2
25422,3
25424,2
25425,2
25426,0
25427,1
25428,3
25429,0
25430,2
25431,4
25433,2
25434,0
25436,2
25437,2
25438,2
25439,2
25440,1
25441,2
25442,2
25443,2
25445,1
25446,2
25447,0
25448,3
25449,3
25450,2
25451,1
25452,2
25453,1
25454,0
25455,1
25456,2
25457,4
25458,2
25459,1
25461,1
25463,3
25464,2
25465,2
25466,2
25467,2
25469,2
25470,4
25471,3
25472,2
25473,0
25474,2
25475,3
25476,1
25477,4
25478,2
25479,1
25480,0
25482,3
25485,1
25486,2
25488,2
25489,2
25490,2
25491,0
25492,3
25493,0
25494,0
25495,2
25496,3
25498,2
25499,4
25500,3
25502,1
25503,4
25504,3
25505,2
25506,1
25507,1
25508,3
25509,1
25511,2
25512,2
25513,1
25514,0
25515,0
25516,4
25517,1
25518,2
25519,3
25520,2
25521,0
25522,1
25523,2
25524,1
25525,0
25527,1
25528,2
25529,2
25530,1
25533,2
25534,2
25535,1
25537,0
25538,2
25539,2
25540,4
25541,2
25543,2
25544,2
25545,3
25546,3
25547,2
25548,2
25549,2
25550,2
25551,4
25552,0
25553,2
25555,2
25556,2
25557,3
25558,2
25559,2
25560,0
25561,3
25562,2
25563,2
25564,1
25565,2
25566,2
25567,0
25568,2
25570,3
25571,1
25573,1
25574,0
25575,1
25577,2
25578,4
25579,2
25580,4
25582,2
25585,3
25586,2
25587,2
25588,3
25589,2
25590,1
25591,2
25592,4
25593,2
25594,2
25595,1
25596,2
25597,2
25598,1
25599,1
25601,4
25602,2
25603,3
25604,2
25605,2
25606,1
25607,1
25608,2
25610,2
25611,0
25613,2
25616,2
25617,3
25619,1
25620,2
25622,2
25623,0
25624,2
25625,4
25626,2
25627,0
25629,2
25630,3
25631,2
25633,4
25634,2
25635,4
25636,0
25637,3
25639,3
25640,3
25641,3
25642,2
25643,0
25644,1
25645,2
25646,2
25647,0
25648,2
25649,4
25650,2
25651,3
25652,0
25653,4
25654,4
25655,0
25656,3
25657,1
25658,4
25659,3
25660,1
25661,2
25662,2
25663,3
25664,0
25665,0
25666,1
25668,3
25669,1
25670,3
25671,4
25672,1
25673,1
25674,4
25675,1
25676,1
25677,2
25678,2
25679,1
25680,2
25682,2
25683,1
25684,3
25685,2
25686,4
25687,1
25689,2
25692,1
25694,3
25695,3
25696,3
25697,4
25698,2
25699,1
25700,2
25701,2
25702,0
25704,2
25705,0
25708,2
25709,2
25710,1
25711,0
25712,1
25713,3
25714,2
25715,2
25717,2
25718,0
25719,3
25720,2
25721,2
25722,0
25723,2
25724,1
25725,3
25727,2
25728,3
25730,4
25731,1
25732,2
25733,2
25734,0
25735,2
25736,1
25737,2
25738,0
25739,2
25741,2
25742,1
25743,3
25744,1
25745,0
25746,0
25747,2
25748,2
25750,2
25751,2
25752,2
25754,2
25755,2
25756,4
25758,1
25759,4
25761,1
25762,1
25763,2
25764,4
25766,3
25767,0
25768,3
25769,2
25771,3
25772,1
25773,2
25774,2
25776,2
25777,3
25778,1
25780,2
25781,2
25783,2
25784,2
25785,2
25786,3
25790,3
25791,0
25792,2
25793,2
25794,4
25795,1
25796,2
25797,2
25798,0
25799,0
25800,3
25801,2
25802,1
25803,1
25804,2
25805,1
25806,2
25807,2
25808,1
25810,2
25811,4
25813,0
25814,2
25815,0
25816,1
25817,2
25818,0
25819,1
25820,3
25821,2
25822,2
25824,3
25826,1
25827,1
25828,1
25829,2
25830,4
25831,4
25832,2
25834,1
25835,2
25836,2
25837,1
25838,3
25839,2
25840,0
25841,1
25842,2
25843,3
25844,2
25845,2
25846,2
25847,3
25848,2
25849,3
25850,2
25853,1
25854,0
25855,2
25857,3
25858,4
25859,1
25860,3
25861,2
25862,2
25863,3
25864,0
25865,0
25867,4
25869,3
25871,2
25872,2
25874,3
25875,2
25876,4
25877,4
25878,2
25879,2
25880,1
25881,2
25882,1
25883,1
25884,1
25886,4
25887,1
25888,0
25889,2
25890,1
25891,4
25892,4
25893,2
25894,2
25895,3
25896,1
25897,0
25898,2
25900,2
25902,2
25903,2
25904,1
25905,1
25907,4
25908,0
25909,1
25910,0
25911,2
25912,3
25913,2
25914,1
25915,3
25916,1
25917,1
25921,2
25922,3
25924,0
25925,2
25926,2
25927,1
25928,2
25930,2
25931,0
25932,2
25933,2
25934,0
25935,3
25936,2
25937,2
25938,1
25939,2
25940,4
25941,2
25942,0
25943,3
25944,2
25946,2
25947,3
25949,2
25950,3
25951,1
25952,1
25953,1
25954,2
25955,3
25957,2
25958,0
25959,2
25960,4
25961,2
25962,2
25963,2
25964,1
25965,3
25967,2
25968,3
25969,1
25970,2
25971,2
25972,1
25973,3
25974,1
25975,2
25976,0
25977,2
25978,2
25979,3
25980,3
25981,4
25983,1
25984,4
25985,2
25987,3
25988,2
25989,2
25990,2
25991,1
25993,4
25994,1
25996,2
25997,2
25998,3
25999,2
26000,2
26001,2
26002,2
26003,2
26004,3
26005,3
26006,4
26007,4
26008,3
26009,1
26011,2
26012,2
26013,2
26014,1
26015,4
26016,1
26017,2
26018,3
26019,3
26020,2
26023,3
26024,1
26026,1
26027,3
26028,3
26029,2
26030,2
26031,2
26032,2
26033,2
26035,4
26036,1
26037,1
26038,1
26039,1
26041,2
26043,3
26044,3
26045,2
26046,1
26047,2
26048,2
26049,1
26050,2
26051,0
26052,1
26053,2
26054,2
26055,1
26057,2
26058,2
26059,1
26060,3
26061,2
26062,2
26065,1
26066,3
26067,2
26068,4
26069,3
26070,1
26071,2
26072,3
26073,2
26074,2
26075,2
26076,3
26077,2
26078,3
26079,3
26080,3
26081,2
26082,2
26083,1
26084,2
26085,3
26086,3
26087,1
26089,0
26090,3
26092,3
26093,4
26095,4
26097,3
26098,3
26099,4
26100,3
26101,1
26102,3
26103,4
26104,1
26105,3
26106,1
26107,2
26108,2
26109,4
26110,2
26111,2
26112,3
26113,2
26115,4
26116,2
26118,4
26119,2
26120,3
26121,2
26122,4
26123,2
26124,2
26125,1
26126,4
26127,2
26129,4
26130,2
26131,2
26132,2
26133,2
26135,3
26136,0
26137,0
26139,2
26140,2
26141,3
26142,3
26143,2
26144,2
26145,2
26147,2
26148,2
26149,0
26150,2
26151,2
26152,2
26153,4
26154,1
26155,1
26156,2
26157,3
26158,2
26159,2
26160,3
26162,2
26163,2
26164,0
26165,1
26166,1
26167,2
26169,2
26170,2
26171,1
26172,2
26173,2
26174,1
26175,3
26176,0
26177,3
26178,2
26179,1
26180,2
26181,1
26182,2
26183,1
26185,2
26187,3
26188,4
26189,0
26190,1
26191,1
26192,2
26193,3
26194,2
26195,1
26198,2
26200,4
26201,4
26202,1
26203,2
26204,1
26205,2
26206,2
26208,2
26209,3
26210,2
26211,1
26212,1
26213,4
26214,4
26215,1
26216,4
26217,2
26219,0
26220,2
26222,4
26223,3
26224,2
26226,2
26227,4
26228,4
26229,0
26230,1
26231,4
26234,0
26235,3
26236,2
26237,2
26239,2
26240,2
26242,2
26243,4
26244,0
26245,1
26246,2
26247,2
26248,0
26249,0
26250,2
26251,2
26252,1
26253,2
26254,1
26255,2
26256,3
26257,1
26258,1
26259,0
26260,0
26262,1
26264,2
26265,2
26266,1
26268,3
26269,3
26272,3
26273,1
26274,2
26275,0
26276,2
26277,2
26280,3
26281,3
26282,2
26283,2
26284,1
26285,2
26286,1
26287,2
26288,4
26290,1
26291,1
26292,2
26293,2
26294,1
26295,1
26296,0
26297,2
26298,1
26299,2
26300,4
26301,2
26302,1
26303,1
26304,2
26305,0
26306,3
26307,2
26308,1
26309,4
26310,1
26311,2
26312,2
26314,2
26315,0
26316,2
26318,1
26319,1
26320,0
26321,2
26322,1
26323,1
26324,2
26326,4
26327,3
26328,1
26329,0
26330,1
26331,2
26332,2
26333,2
26334,0
26335,1
26336,2
26337,2
26340,2
26343,0
26344,4
26345,2
26346,3
26347,2
26348,4
26350,2
26351,2
26352,1
26353,2
26354,2
26355,2
26356,2
26357,2
26359,4
26360,2
26362,3
26363,4
26365,2
26366,2
26367,3
26368,3
26369,4
26370,2
26371,2
26372,1
26373,2
26375,2
26376,1
26377,1
26378,1
26379,1
26380,2
26381,2
26382,3
26383,1
26384,2
26385,2
26386,0
26387,0
26388,1
26389,2
26390,3
26392,0
26393,2
26396,2
26397,1
26398,2
26399,2
26400,2
26401,0
26403,0
26404,2
26405,4
26407,4
26408,2
26409,1
26411,0
26412,3
26413,4
26414,2
26417,4
26418,2
26419,2
26420,4
26421,2
26422,1
26423,0
26424,2
26425,2
26426,2
26427,1
26428,4
26429,1
26430,2
26431,2
26433,2
26434,2
26435,0
26436,1
26437,2
26438,4
26439,2
26440,2
26441,1
26442,2
26443,1
26444,2
26446,1
26447,2
26448,2
26449,2
26450,3
26451,1
26452,0
26453,1
26454,3
26455,1
26456,2
26459,3
26463,1
26465,2
26467,0
26468,0
26469,2
26470,1
26471,2
26474,2
26475,1
26476,2
26477,1
26478,1
26479,1
26481,1
26482,3
26483,3
26484,3
26485,3
26488,0
26489,2
26490,3
26491,0
26492,2
26493,1
26494,1
26495,1
26496,2
26497,1
26498,1
26500,0
26501,0
26502,2
26504,2
26505,3
26506,2
26507,2
26508,2
26509,2
26510,2
26511,2
26512,2
26513,2
26514,2
26515,1
26516,1
26517,0
26519,2
26520,2
26521,3
26523,2
26524,4
26525,2
26526,2
26527,2
26528,1
26529,2
26530,0
26532,3
26533,2
26534,2
26535,3
26536,2
26537,0
26538,2
26539,0
26540,2
26541,2
26542,3
26543,4
26544,2
26546,2
26547,0
26549,1
26550,1
26551,2
26552,4
26553,2
26554,2
26555,1
26556,2
26557,1
26558,2
26559,2
26560,2
26561,2
26562,3
26563,0
26564,3
26565,1
26566,3
26567,4
26569,0
26570,2
26571,2
26572,1
26573,2
26576,2
26577,4
26578,3
26579,1
26580,2
26581,4
26582,2
26583,1
26584,2
26585,3
26586,1
26588,1
26589,1
26590,0
26591,3
26592,1
26593,2
26594,2
26595,0
26596,1
26597,2
26598,2
26599,2
26600,2
26602,1
26603,3
26604,1
26605,0
26606,2
26608,2
26609,0
26610,1
26612,3
26613,3
26614,2
26615,2
26616,2
26618,1
26619,3
26620,0
26622,0
26623,2
26624,4
26626,0
26627,0
26628,2
26630,2
26631,2
26632,0
26633,0
26634,2
26637,2
26638,3
26639,4
26640,3
26641,2
26643,1
26645,1
26646,3
26647,1
26648,3
26649,3
26650,2
26651,2
26655,0
26656,0
26657,1
26658,1
26659,1
26660,2
26661,1
26662,3
26663,3
26664,3
26666,4
26668,1
26669,2
26670,0
26672,3
26673,1
26675,0
26676,1
26677,2
26678,2
26679,2
26680,1
26681,2
26682,1
26683,2
26684,2
26685,2
26686,1
26687,1
26689,4
26690,2
26691,1
26692,2
26693,0
26694,1
26695,1
26696,2
26697,2
26698,4
26699,0
26700,2
26701,4
26703,1
26704,2
26706,1
26707,2
26709,2
26710,3
26711,2
26712,2
26713,2
26714,2
26716,0
26717,2
26718,2
26720,1
26721,1
26722,2
26723,1
26724,2
26725,1
26726,0
26727,2
26729,0
26730,2
26731,2
26732,4
26733,2
26735,4
26736,1
26737,1
26738,2
26739,2
26740,3
26741,2
26742,0
26743,4
26744,1
26745,2
26746,2
26747,0
26748,2
26749,4
26751,3
26753,2
26754,1
26755,2
26756,2
26760,4
26761,4
26762,4
26763,2
26764,3
26765,2
26766,4
26767,3
26768,1
26769,2
26771,2
26772,2
26773,3
26774,2
26775,2
26776,2
26778,3
26779,2
26780,3
26781,0
26782,2
26783,2
26785,2
26786,1
26789,3
26791,1
26792,2
26793,2
26794,0
26795,2
26796,2
26798,0
26799,3
26800,1
26803,2
26804,1
26806,0
26808,3
26809,2
26810,2
26811,0
26812,2
26813,3
26815,0
26816,1
26817,2
26818,4
26819,2
26820,1
26822,0
26823,1
26824,2
26825,2
26826,1
26827,0
26828,2
26829,1
26830,1
26832,2
26834,4
26835,3
26837,2
26839,0
26840,0
26841,1
26843,3
26845,2
26846,2
26847,0
26849,0
26850,2
26852,3
26853,2
26855,2
26857,2
26858,4
26861,2
26862,2
26864,3
26866,4
26867,3
26868,3
26869,2
26870,0
26871,2
26872,4
26874,1
26875,2
26876,0
26878,3
26879,1
26880,1
26881,4
26882,4
26883,2
26884,0
26885,1
26886,3
26889,2
26890,1
26891,1
26893,1
26894,2
26896,2
26897,2
26898,2
26899,2
26900,4
26901,3
26902,3
26903,1
26904,2
26906,3
26907,2
26908,3
26909,4
26910,3
26911,2
26913,3
26914,2
26915,2
26916,2
26918,3
26919,2
26921,1
26922,2
26923,2
26924,0
26926,4
26928,2
26930,2
26931,2
26932,0
26933,4
26934,3
26935,2
26936,2
26937,3
26938,3
26939,2
26940,1
26941,2
26942,4
26945,3
26946,3
26948,2
26949,1
26950,4
26952,2
26953,1
26954,1
26955,2
26956,2
26957,2
26958,2
26960,0
26961,1
26964,2
26965,2
26968,2
26969,4
26970,2
26972,1
26973,0
26974,1
26976,4
26977,2
26979,1
26980,2
26982,1
26983,3
26984,0
26986,2
26987,1
26988,3
26990,0
26991,2
26992,2
26993,3
26994,4
26995,2
26996,2
26997,1
26998,1
26999,0
27000,3
27001,2
27003,0
27004,4
27005,0
27006,2
27007,2
27008,2
27009,0
27010,1
27011,2
27012,3
27013,0
27014,1
27015,2
27016,2
27017,2
27018,2
27019,2
27020,0
27021,1
27022,0
27023,0
27024,2
27026,3
27027,3
27028,1
27029,1
27030,1
27031,4
27032,2
27033,2
27034,2
27035,2
27036,2
27037,2
27038,1
27039,2
27040,2
27041,2
27042,1
27044,3
27045,0
27046,0
27047,1
27048,4
27049,2
27050,2
27051,1
27052,3
27053,2
27054,3
27055,1
27056,0
27057,2
27058,2
27059,2
27060,2
27062,2
27063,0
27064,2
27065,1
27066,3
27067,2
27068,1
27069,2
27070,1
27071,0
27072,1
27073,1
27076,3
27077,2
27078,0
27079,2
27080,2
27081,2
27082,2
27083,2
27084,1
27086,2
27087,1
27088,1
27089,2
27091,2
27092,1
27093,1
27094,2
27095,3
27096,2
27097,3
27098,2
27099,1
27100,3
27101,3
27102,1
27103,3
27104,3
27106,2
27107,3
27108,1
27110,2
27111,0
27112,2
27113,2
27114,1
27115,1
27116,1
27117,2
27119,0
27120,3
27121,0
27122,3
27123,1
27124,4
27125,1
27126,2
27128,4
27129,0
27130,0
27133,2
27134,1
27135,2
27136,1
27137,1
27138,1
27140,4
27141,3
27142,2
27143,1
27144,0
27145,2
27146,4
27147,2
27148,2
27149,0
27150,4
27151,2
27152,1
27153,2
27154,2
27155,1
27157,1
27158,4
27159,2
27161,3
27163,4
27164,4
27165,3
27167,4
27169,0
27170,2
27171,1
27172,2
27173,2
27174,2
27175,2
27176,2
27177,2
27178,4
27179,3
27180,1
27181,2
27182,1
27184,1
27186,4
27187,3
27188,0
27189,2
27190,2
27191,3
27192,3
27193,2
27194,0
27195,1
27196,1
27199,2
27200,2
27202,2
27203,2
27206,0
27207,2
27209,3
27210,0
27211,4
27212,2
27213,3
27214,3
27215,1
27216,1
27217,1
27218,1
27219,3
27221,1
27222,0
27223,2
27224,2
27226,2
27228,2
27230,2
27231,0
27232,1
27234,0
27236,2
27237,2
27239,3
27240,2
27241,0
27243,2
27247,0
27248,3
27249,0
27251,3
27252,1
27253,1
27254,2
27255,1
27257,1
27258,1
27259,3
27260,3
27261,1
27262,3
27263,4
27264,2
27265,0
27266,2
27267,0
27268,1
27269,0
27270,3
27271,3
27272,2
27273,2
27274,2
27275,1
27276,0
27277,1
27279,3
27281,2
27282,3
27283,2
27285,2
27287,3
27289,2
27290,1
27291,1
27292,2
27293,3
27294,3
27295,2
27296,3
27297,3
27299,1
27301,3
27302,2
27303,1
27305,2
27306,1
27307,0
27308,3
27309,2
27310,2
27311,3
27312,1
27313,2
27315,2
27316,2
27317,4
27320,3
27322,1
27323,1
27326,2
27327,1
27328,2
27329,3
27330,0
27331,4
27332,2
27333,2
27334,1
27335,2
27336,0
27337,2
27338,2
27339,3
27340,1
27341,3
27342,2
27343,0
27344,2
27345,4
27347,4
27348,3
27349,3
27351,2
27353,2
27354,2
27355,1
27356,0
27357,2
27358,3
27359,2
27363,2
27364,3
27365,2
27366,3
27367,2
27369,2
27370,2
27371,3
27372,1
27373,2
27374,3
27375,3
27376,4
27377,2
27379,4
27380,2
27381,2
27382,0
27383,1
27384,1
27385,3
27386,2
27387,2
27388,1
27389,2
27390,2
27391,1
27392,1
27394,0
27395,0
27396,0
27397,2
27401,4
27402,1
27403,2
27404,2
27405,0
27406,2
27407,2
27408,2
27410,4
27411,2
27412,2
27413,2
27415,2
27416,0
27417,3
27418,3
27419,2
27420,2
27421,2
27422,3
27424,3
27425,2
27426,1
27427,3
27428,1
27429,2
27431,0
27432,1
27434,2
27435,2
27436,1
27438,0
27439,2
27440,2
27441,1
27442,1
27444,2
27445,2
27446,4
27448,2
27449,0
27450,2
27451,1
27452,3
27453,4
27454,1
27455,4
27456,2
27458,1
27459,2
27461,2
27462,1
27463,3
27465,2
27466,2
27467,1
27468,3
27469,1
27470,1
27471,3
27472,1
27473,1
27474,1
27475,3
27476,2
27477,3
27478,3
27479,1
27481,1
27482,2
27483,2
27484,0
27485,2
27486,2
27487,1
27488,3
27489,1
27490,2
27491,1
27493,2
27494,3
27495,0
27496,2
27497,2
27498,3
27499,2
27500,2
27501,0
27502,2
27505,1
27506,2
27507,1
27508,2
27513,4
27514,3
27515,2
27516,2
27517,1
27518,2
27519,2
27520,1
27521,2
27522,0
27523,1
27525,0
27526,2
27527,2
27528,2
27529,3
27530,4
27531,2
27532,2
27533,3
27535,3
27536,2
27537,0
27538,0
27539,2
27541,2
27542,2
27543,2
27544,3
27545,2
27546,1
27548,1
27549,2
27550,2
27551,3
27552,1
27553,1
27554,3
27555,2
27557,2
27558,2
27559,0
27560,0
27561,4
27562,1
27563,2
27564,1
27565,3
27566,2
27567,2
27568,2
27569,2
27570,2
27571,3
27573,3
27574,2
27575,2
27576,2
27577,2
27578,1
27579,2
27580,3
27582,2
27584,2
27585,2
27587,2
27588,2
27589,0
27590,2
27591,2
27592,0
27593,3
27594,2
27595,2
27596,2
27598,4
27599,2
27600,3
27601,2
27602,2
27603,3
27604,1
27605,1
27606,3
27607,2
27608,2
27609,1
27610,0
27613,3
27614,2
27616,2
27617,2
27618,4
27619,2
27620,3
27621,3
27622,2
27623,0
27624,2
27626,1
27628,0
27629,2
27631,4
27633,2
27636,3
27637,4
27638,2
27639,1
27640,4
27641,1
27642,2
27643,2
27644,0
27646,0
27647,2
27648,2
27649,2
27650,0
27651,1
27652,4
27654,2
27655,0
27656,2
27657,2
27658,2
27659,4
27661,2
27662,2
27663,0
27664,3
27666,1
27667,2
27668,3
27670,2
27672,2
27674,1
27675,1
27676,2
27678,2
27679,2
27680,2
27681,2
27682,1
27684,0
27685,3
27686,1
27687,2
27688,2
27689,4
27690,2
27691,2
27692,4
27693,2
27694,3
27695,2
27697,0
27698,3
27699,2
27700,1
27701,3
27702,1
27703,3
27704,2
27706,2
27707,2
27708,4
27709,1
27710,2
27711,4
27712,2
27713,2
27714,0
27715,1
27716,2
27717,1
27718,2
27719,2
27720,2
27722,1
27724,0
27725,0
27726,1
27727,2
27728,2
27729,1
27730,2
27731,4
27732,1
27733,1
27734,2
27736,3
27737,1
27738,2
27739,0
27740,3
27741,2
27742,4
27743,2
27744,2
27745,2
27746,2
27747,2
27748,1
27749,2
27750,0
27752,0
27755,2
27756,2
27757,2
27758,1
27759,2
27761,2
27763,1
27764,2
27765,2
27766,0
27767,2
27769,1
27771,4
27772,2
27774,3
27776,3
27777,2
27779,2
27780,2
27781,1
27782,2
27783,1
27784,2
27785,1
27788,2
27789,3
27790,0
27792,2
27793,1
27794,2
27796,2
27797,2
27798,1
27799,2
27800,0
27801,4
27802,1
27803,1
27804,2
27805,2
27807,4
27808,2
27809,2
27811,2
27814,2
27815,0
27816,1
27817,2
27818,1
27819,3
27821,4
27822,3
27823,0
27824,0
27825,2
27826,4
27828,4
27830,3
27831,2
27832,2
27833,1
27834,2
27835,0
27837,4
27839,2
27840,2
27841,2
27842,2
27844,2
27846,0
27848,1
27849,1
27850,2
27851,2
27852,2
27853,4
27855,2
27856,2
27857,1
27858,2
27859,2
27860,1
27861,4
27863,3
27864,1
27867,3
27868,3
27869,3
27871,1
27872,1
27873,3
27875,2
27877,1
27878,4
27879,1
27880,0
27881,1
27882,1
27883,1
27884,2
27885,3
27887,1
27889,2
27890,4
27891,4
27892,2
27893,2
27894,1
27895,3
27898,0
27899,2
27900,2
27901,2
27904,3
27905,3
27906,3
27907,1
27908,3
27910,1
27911,2
27912,2
27913,1
27914,2
27916,4
27917,0
27918,2
27919,4
27921,1
27922,2
27923,3
27924,0
27925,2
27926,2
27927,4
27928,2
27931,0
27932,1
27933,3
27934,2
27935,1
27937,2
27938,3
27939,2
27940,3
27942,3
27943,1
27945,2
27946,2
27947,2
27948,2
27949,4
27950,3
27951,0
27952,3
27953,2
27954,1
27955,1
27956,2
27959,2
27961,2
27965,2
27966,2
27967,3
27969,2
27970,1
27971,2
27974,2
27975,2
27976,0
27977,2
27979,1
27980,1
27982,2
27983,2
27984,3
27985,2
27986,3
27987,1
27988,1
27989,3
27990,3
27992,1
27993,2
27994,3
27996,3
27997,4
27998,2
28000,2
28001,2
28002,1
28005,1
28006,1
28007,2
28008,1
28009,4
28010,0
28011,2
28012,2
28013,2
28014,0
28018,1
28020,1
28021,1
28022,1
28023,3
28024,0
28026,2
28028,2
28029,3
28030,2
28031,2
28032,3
28033,2
28034,1
28036,1
28037,3
28038,0
28039,2
28040,2
28041,3
28042,2
28044,2
28045,2
28046,2
28047,2
28049,2
28050,3
28052,3
28053,2
28054,2
28055,1
28056,2
28057,1
28058,3
28059,1
28060,3
28061,3
28063,1
28065,2
28066,2
28067,4
28068,2
28069,0
28072,1
28073,2
28074,1
28075,3
28076,4
28078,2
28079,3
28080,2
28081,0
28082,3
28083,3
28085,1
28087,1
28089,2
28091,1
28092,1
28093,3
28094,3
28095,2
28097,1
28098,2
28100,2
28101,2
28102,2
28103,2
28104,1
28105,0
28106,0
28107,1
28108,1
28110,2
28111,2
28112,0
28113,2
28114,3
28116,2
28117,3
28118,3
28120,2
28121,2
28122,0
28123,2
28124,0
28125,3
28126,2
28130,4
28131,1
28132,1
28133,0
28134,2
28135,1
28137,1
28138,2
28140,2
28141,0
28142,3
28143,2
28144,2
28146,4
28147,4
28148,2
28149,3
28150,1
28151,4
28152,4
28153,2
28154,3
28155,1
28157,1
28158,3
28161,1
28162,3
28164,1
28165,2
28166,2
28167,2
28168,3
28169,4
28170,1
28171,2
28172,0
28173,1
28174,1
28175,0
28176,2
28177,4
28178,2
28180,1
28181,1
28182,3
28183,1
28184,2
28185,2
28186,4
28187,0
28191,3
28192,2
28193,2
28194,1
28195,2
28196,2
28198,2
28199,0
28200,2
28201,0
28202,4
28203,3
28204,2
28205,2
28206,1
28208,1
28209,2
28210,2
28211,2
28212,3
28213,2
28214,2
28215,2
28216,1
28217,1
28218,1
28219,0
28220,1
28221,2
28223,2
28224,2
28225,2
28226,1
28227,0
28228,1
28229,1
28230,2
28231,4
28232,1
28233,1
28234,2
28235,1
28236,2
28238,1
28239,0
28240,1
28241,2
28242,0
28243,1
28244,2
28245,3
28246,2
28247,3
28248,4
28249,1
28250,2
28252,3
28253,1
28254,2
28255,1
28256,0
28257,0
28258,2
28259,2
28260,4
28261,1
28262,1
28263,1
28264,2
28265,2
28266,3
28267,3
28269,2
28270,2
28271,3
28272,3
28273,2
28274,1
28275,1
28276,4
28277,1
28278,3
28279,2
28280,0
28282,2
28283,0
28284,2
28285,3
28286,3
28288,1
28289,2
28290,1
28293,2
28294,3
28295,1
28296,2
28297,2
28298,3
28299,2
28300,3
28301,2
28302,3
28303,1
28304,3
28305,2
28306,0
28307,4
28308,2
28309,2
28310,2
28311,2
28312,2
28313,0
28314,1
28315,1
28316,2
28317,0
28318,1
28321,2
28322,2
28323,2
28325,3
28326,4
28327,2
28328,2
28329,0
28330,1
28331,2
28332,2
28334,2
28335,3
28337,2
28339,0
28341,1
28342,1
28343,2
28344,2
28345,2
28346,1
28348,1
28349,3
28350,2
28352,1
28353,2
28354,1
28355,2
28358,3
28359,0
28360,3
28362,0
28363,3
28364,2
28365,0
28366,2
28367,1
28369,1
28370,3
28371,3
28372,3
28374,2
28375,0
28376,3
28377,2
28379,0
28380,2
28381,2
28382,1
28383,1
28384,2
28385,1
28387,2
28388,2
28389,3
28391,2
28395,0
28397,1
28398,2
28399,2
28400,3
28402,1
28403,2
28404,2
28405,2
28406,1
28407,1
28409,2
28410,2
28411,0
28412,0
28413,0
28414,2
28415,2
28417,1
28418,0
28419,2
28420,4
28421,4
28422,3
28423,2
28424,2
28425,4
28427,2
28428,1
28429,2
28430,0
28431,3
28433,3
28434,1
28435,0
28436,2
28437,3
28439,1
28440,4
28441,1
28442,0
28444,2
28445,2
28446,4
28447,2
28448,1
28450,2
28451,0
28452,2
28453,0
28454,2
28455,1
28456,1
28459,2
28461,4
28462,4
28463,2
28464,1
28465,0
28466,2
28468,2
28469,2
28470,2
28471,2
28472,4
28473,2
28474,2
28476,2
28478,4
28479,3
28481,1
28482,2
28483,1
28485,3
28486,0
28487,4
28489,1
28491,3
28492,2
28493,2
28495,2
28496,0
28497,3
28498,1
28499,1
28501,2
28502,2
28504,4
28505,2
28506,2
28507,2
28508,0
28509,2
28510,3
28511,2
28512,3
28514,3
28515,3
28516,2
28517,3
28518,1
28521,1
28522,4
28525,2
28526,2
28527,2
28528,3
28529,2
28530,2
28531,2
28532,1
28533,2
28535,3
28536,0
28537,2
28539,3
28540,3
28541,2
28542,2
28543,2
28544,2
28545,2
28547,2
28548,2
28549,2
28550,2
28551,4
28552,1
28553,2
28555,4
28556,1
28557,1
28558,1
28559,0
28560,2
28561,0
28562,2
28563,2
28564,2
28565,1
28566,2
28567,4
28569,2
28570,4
28572,3
28573,2
28574,0
28575,1
28576,1
28577,0
28578,2
28579,0
28582,4
28583,0
28584,4
28585,1
28586,2
28587,2
28588,2
28590,3
28591,2
28592,2
28593,0
28594,0
28595,2
28596,0
28597,1
28599,2
28600,4
28601,3
28602,1
28603,0
28604,1
28605,3
28607,3
28608,2
28609,4
28612,2
28613,1
28614,3
28615,4
28617,1
28618,3
28619,3
28620,2
28621,2
28622,4
28623,1
28624,1
28625,2
28626,2
28628,1
28629,1
28630,2
28631,3
28632,2
28633,1
28634,2
28635,3
28636,2
28637,2
28639,0
28640,0
28642,0
28643,2
28644,2
28645,2
28646,1
28647,2
28648,1
28649,2
28650,2
28652,3
28653,4
28655,2
28656,4
28658,2
28659,4
28660,2
28661,0
28662,3
28663,2
28664,3
28666,2
28667,2
28668,1
28669,1
28670,2
28671,0
28672,1
28673,0
28674,0
28675,0
28676,2
28678,2
28679,2
28680,2
28681,2
28682,0
28684,0
28685,2
28686,4
28688,2
28689,0
28690,0
28691,1
28693,3
28694,1
28695,2
28696,4
28697,1
28698,0
28699,4
28700,1
28701,2
28702,4
28703,3
28706,2
28707,1
28708,3
28709,3
28710,2
28711,2
28712,1
28713,1
28714,1
28717,2
28718,2
28720,0
28721,2
28722,1
28723,4
28724,4
28725,2
28727,2
28728,1
28729,1
28730,1
28731,3
28732,3
28733,1
28734,2
28735,1
28736,2
28737,1
28738,3
28739,2
28740,2
28742,1
28743,2
28744,1
28746,3
28747,1
28748,2
28749,2
28750,2
28751,2
28752,3
28753,4
28754,1
28755,1
28757,2
28758,1
28759,2
28760,3
28761,1
28762,2
28763,1
28764,1
28765,2
28766,4
28767,4
28768,2
28769,3
28771,2
28772,3
28773,2
28775,2
28776,0
28777,2
28778,0
28779,3
28780,4
28781,1
28782,2
28783,4
28785,4
28786,3
28787,0
28788,1
28789,2
28790,2
28791,0
28793,2
28795,3
28796,3
28798,2
28799,2
28802,4
28804,2
28806,2
28807,4
28809,2
28810,3
28811,0
28814,2
28815,2
28816,3
28817,1
28818,4
28819,2
28820,1
28822,0
28823,0
28824,1
28825,2
28826,1
28827,2
28828,2
28829,2
28831,0
28832,2
28833,1
28834,3
28836,1
28837,4
28839,2
28840,2
28841,2
28843,2
28844,1
28845,1
28846,1
28847,2
28848,2
28850,3
28851,2
28853,2
28854,2
28856,2
28857,2
28859,1
28860,3
28863,2
28864,2
28866,1
28867,4
28869,3
28871,2
28872,1
28873,2
28874,0
28875,2
28876,4
28877,0
28878,0
28879,2
28880,2
28881,0
28882,2
28883,2
28884,1
28885,2
28886,4
28887,4
28888,4
28889,2
28890,1
28891,2
28893,1
28894,3
28895,2
28897,2
28899,2
28900,2
28901,0
28903,3
28904,3
28906,0
28908,1
28909,2
28910,1
28911,2
28913,2
28915,3
28916,1
28917,2
28918,2
28919,2
28921,2
28922,1
28923,1
28924,1
28926,3
28927,2
28928,2
28929,1
28931,1
28932,1
28933,2
28934,2
28935,0
28936,2
28938,3
28939,2
28941,3
28942,3
28943,3
28944,2
28947,2
28948,2
28949,2
28950,1
28953,1
28954,0
28955,4
28956,3
28958,1
28959,2
28960,0
28962,1
28963,2
28965,1
28966,2
28967,3
28968,2
28969,3
28970,1
28971,3
28973,1
28974,1
28976,0
28977,0
28978,2
28979,2
28980,1
28981,2
28982,2
28984,1
28985,1
28986,2
28987,1
28989,2
28993,2
28995,2
28996,1
28997,2
28998,2
28999,0
29000,2
29001,1
29002,2
29003,3
29004,3
29005,2
29006,2
29007,0
29009,3
29010,2
29011,3
29012,0
29013,1
29014,3
29016,2
29018,2
29019,2
29020,2
29021,3
29022,1
29023,1
29024,2
29025,1
29026,3
29027,0
29030,0
29032,3
29033,0
29034,3
29035,2
29036,4
29037,2
29038,1
29039,0
29040,1
29041,3
29042,2
29043,4
29044,2
29046,2
29047,2
29048,4
29050,1
29051,4
29053,2
29054,1
29055,2
29057,0
29058,0
29059,1
29060,1
29061,3
29062,2
29063,1
29064,3
29065,2
29066,1
29068,2
29069,2
29070,3
29071,0
29072,2
29073,2
29074,2
29075,1
29076,2
29077,2
29078,2
29079,3
29080,2
29081,0
29082,2
29083,3
29084,2
29085,4
29086,2
29087,0
29089,2
29090,3
29092,2
29094,2
29095,2
29096,0
29097,3
29099,0
29100,0
29102,3
29103,2
29104,2
29105,1
29107,4
29111,2
29112,2
29113,1
29114,2
29116,3
29117,2
29118,1
29119,2
29120,2
29121,1
29122,3
29123,2
29125,3
29126,3
29127,0
29128,1
29129,1
29130,1
29131,0
29132,3
29133,3
29134,1
29135,4
29136,2
29137,2
29138,3
29139,1
29141,4
29142,2
29143,2
29144,2
29145,3
29147,0
29148,0
29149,2
29150,1
29151,1
29152,2
29153,2
29154,1
29157,0
29159,3
29160,1
29161,2
29162,3
29164,2
29165,2
29166,1
29167,1
29168,1
29170,2
29171,1
29173,2
29174,4
29175,1
29176,2
29177,2
29178,2
29179,1
29180,2
29181,2
29184,2
29185,1
29186,1
29187,2
29189,3
29190,2
29191,2
29193,1
29194,2
29195,0
29196,2
29197,1
29198,2
29200,1
29201,1
29203,3
29204,2
29206,2
29207,2
29208,2
29209,1
29210,1
29211,2
29212,0
29213,2
29214,2
29215,4
29216,2
29219,2
29220,2
29221,3
29223,3
29224,1
29225,2
29226,2
29228,2
29230,3
29231,3
29232,2
29234,2
29236,2
29238,2
29239,2
29240,2
29241,4
29242,1
29243,2
29244,1
29245,2
29246,4
29247,3
29248,2
29249,2
29250,1
29251,0
29252,1
29253,2
29254,0
29255,3
29257,1
29258,2
29261,4
29262,2
29263,2
29264,3
29265,1
29266,3
29267,0
29268,0
29269,0
29270,4
29271,1
29272,2
29273,2
29274,3
29275,0
29276,2
29277,1
29278,1
29279,3
29281,4
29282,0
29283,2
29284,2
29285,2
29286,2
29287,4
29289,1
29290,4
29291,2
29292,2
29294,0
29296,3
29297,1
29298,2
29299,1
29300,4
29301,1
29302,3
29303,3
29304,1
29305,3
29307,2
29308,1
29310,2
29311,4
29312,2
29313,3
29314,1
29315,3
29316,2
29317,2
29318,2
29319,3
29320,2
29321,0
29323,0
29324,2
29325,1
29326,3
29327,2
29328,4
29329,2
29330,2
29331,2
29332,1
29333,3
29335,2
29338,2
29339,1
29340,1
29341,2
29342,2
29343,3
29344,2
29345,2
29346,1
29347,3
29348,4
29349,2
29350,1
29351,2
29352,2
29353,2
29354,2
29355,2
29356,2
29359,2
29360,3
29362,3
29363,2
29364,2
29365,2
29366,0
29367,2
29368,2
29369,4
29370,0
29371,2
29372,2
29373,3
29374,2
29375,2
29376,3
29377,4
29378,0
29379,4
29380,1
29381,4
29382,1
29383,3
29384,2
29385,3
29386,2
29387,1
29388,4
29389,1
29390,3
29391,1
29393,1
29394,2
29395,2
29396,3
29397,1
29398,2
29399,4
29400,2
29401,3
29402,2
29403,3
29404,4
29405,1
29406,2
29407,2
29409,1
29410,1
29411,2
29412,2
29413,2
29415,1
29416,1
29418,2
29419,2
29420,2
29421,2
29422,2
29423,2
29425,3
29427,1
29428,2
29429,2
29430,2
29431,0
29432,2
29434,1
29435,3
29436,0
29437,1
29438,1
29441,3
29442,0
29443,2
29444,2
29445,2
29446,1
29448,0
29449,3
29450,1
29451,2
29452,3
29453,4
29454,2
29455,2
29456,2
29457,2
29459,2
29461,2
29462,2
29463,1
29464,2
29465,0
29466,1
29467,2
29468,0
29469,0
29471,2
29472,3
29473,3
29474,4
29476,3
29477,1
29478,2
29479,1
29480,3
29481,2
29482,2
29483,3
29485,3
29486,2
29487,0
29488,2
29489,2
29491,1
29492,2
29493,2
29494,0
29495,1
29496,2
29497,2
29498,2
29502,1
29503,2
29504,2
29505,4
29506,3
29507,2
29508,1
29510,0
29511,1
29512,1
29513,3
29514,1
29515,0
29516,2
29517,3
29520,3
29521,1
29522,2
29523,3
29524,2
29525,3
29526,1
29527,2
29529,1
29532,4
29533,1
29534,0
29535,2
29536,1
29539,1
29540,0
29541,4
29542,1
29543,2
29544,2
29545,3
29546,1
29547,4
29548,2
29550,0
29551,3
29552,0
29553,1
29554,2
29555,1
29557,2
29560,2
29561,2
29562,2
29564,0
29565,2
29566,2
29567,2
29568,0
29570,1
29571,2
29572,0
29573,4
29574,2
29576,1
29577,4
29578,2
29579,2
29580,1
29582,2
29584,4
29585,2
29586,1
29587,2
29588,1
29589,1
29590,2
29591,3
29592,2
29593,4
29594,2
29595,0
29596,2
29597,3
29598,3
29599,4
29601,3
29602,1
29603,2
29605,4
29606,2
29607,2
29608,2
29609,1
29610,1
29611,1
29612,2
29613,2
29614,1
29615,3
29617,1
29618,2
29619,2
29620,3
29621,2
29622,2
29623,4
29624,2
29626,2
29627,2
29629,2
29630,1
29631,3
29632,3
29633,3
29635,2
29637,2
29639,2
29640,2
29641,3
29642,2
29643,1
29644,2
29646,1
29648,1
29649,2
29652,0
29653,0
29655,3
29656,1
29657,1
29658,1
29660,1
29661,4
29662,1
29663,3
29664,3
29665,2
29666,2
29667,4
29668,4
29672,2
29673,2
29674,0
29675,2
29676,2
29677,1
29678,0
29680,3
29681,1
29683,2
29684,1
29686,2
29687,2
29688,3
29689,2
29690,2
29691,1
29693,2
29694,2
29695,3
29696,2
29698,0
29699,2
29700,2
29701,2
29702,3
29703,2
29704,3
29706,3
29707,1
29709,3
29710,1
29711,4
29712,4
29713,2
29715,3
29716,3
29717,0
29719,3
29720,2
29723,0
29724,0
29725,1
29726,2
29728,2
29729,2
29730,1
29731,1
29732,2
29733,2
29734,4
29735,4
29737,4
29738,3
29740,2
29741,1
29742,2
29744,4
29746,2
29747,1
29748,2
29749,2
29751,2
29752,1
29753,1
29754,2
29755,2
29756,3
29757,2
29760,2
29761,1
29762,3
29763,3
29764,1
29766,2
29767,0
29768,1
29770,1
29771,2
29772,2
29773,1
29774,3
29775,3
29776,2
29777,3
29779,3
29780,3
29782,2
29783,3
29784,1
29785,1
29786,1
29787,0
29789,0
29790,4
29791,2
29792,3
29794,2
29795,2
29796,1
29797,3
29799,4
29801,2
29802,3
29805,1
29806,2
29807,2
29808,2
29809,2
29810,1
29811,3
29812,3
29814,1
29817,2
29818,2
29819,2
29820,2
29822,1
29823,2
29824,0
29825,1
29826,2
29827,2
29828,4
29829,2
29830,0
29831,3
29833,2
29834,1
29835,1
29836,1
29837,4
29838,2
29839,2
29840,2
29841,2
29842,1
29843,1
29845,1
29847,3
29848,2
29849,1
29850,1
29851,2
29852,1
29854,2
29855,2
29856,1
29857,4
29858,2
29859,2
29860,4
29865,2
29866,3
29869,3
29872,1
29874,3
29875,1
29876,0
29877,2
29878,3
29879,1
29880,2
29881,1
29882,2
29884,2
29886,3
29887,2
29889,3
29890,2
29891,4
29892,1
29893,3
29894,0
29895,4
29896,2
29897,2
29899,1
29900,2
29901,2
29903,2
29904,2
29905,2
29908,4
29909,0
29910,1
29911,2
29912,1
29913,2
29914,3
29915,3
29916,4
29917,2
29918,0
29919,1
29920,3
29921,2
29922,2
29923,2
29924,2
29925,2
29928,3
29929,1
29930,1
29932,3
29933,1
29935,2
29936,2
29937,2
29938,2
29940,3
29942,1
29943,3
29944,1
29945,2
29946,0
29947,2
29948,2
29949,2
29950,0
29951,1
29952,1
29955,1
29956,2
29957,1
29958,4
29959,4
29960,2
29961,2
29962,3
29963,2
29964,2
29965,2
29967,3
29969,2
29970,2
29971,3
29972,2
29974,3
29975,0
29977,2
29978,1
29979,2
29981,3
29983,2
29984,2
29985,2
29986,2
29987,2
29988,1
29990,3
29991,3
29992,2
29994,1
29995,0
29996,1
29997,2
29999,3
30001,2
30004,2
30005,2
30006,3
30007,0
30008,1
30009,1
30010,2
30011,1
30012,1
30014,4
30015,0
30016,2
30017,2
30018,2
30020,0
30021,2
30022,1
30023,1
30024,3
30025,2
30027,2
30028,3
30029,1
30031,1
30032,2
30033,2
30034,2
30035,1
30036,0
30037,1
30038,2
30039,2
30040,3
30041,1
30042,1
30043,4
30044,4
30045,2
30047,3
30048,1
30050,3
30053,2
30054,2
30055,0
30056,1
30057,4
30058,1
30059,4
30060,3
30062,4
30063,3
30064,3
30065,2
30066,1
30067,2
30068,2
30071,2
30072,0
30073,2
30074,2
30075,2
30076,0
30077,2
30079,1
30080,1
30081,2
30082,2
30083,2
30084,2
30085,2
30086,0
30087,2
30088,1
30089,2
30090,0
30092,2
30093,2
30095,2
30096,1
30097,2
30098,2
30099,1
30101,2
30102,4
30103,3
30104,1
30107,2
30108,3
30110,2
30112,0
30113,2
30114,2
30115,2
30116,3
30117,0
30118,2
30119,3
30120,2
30122,2
30123,2
30124,3
30125,1
30126,3
30127,0
30128,2
30129,1
30130,2
30131,3
30133,2
30135,3
30136,1
30137,2
30138,2
30139,2
30141,1
30142,0
30143,2
30145,0
30146,4
30147,3
30148,2
30149,2
30150,2
30151,2
30152,2
30153,1
30154,3
30155,3
30156,3
30157,2
30158,1
30159,2
30161,3
30164,2
30165,1
30167,2
30168,2
30169,2
30170,1
30171,2
30172,2
30173,2
30174,4
30175,2
30176,1
30177,2
30178,1
30179,1
30180,2
30181,3
30183,4
30184,2
30185,3
30186,1
30187,2
30188,0
30189,3
30190,3
30191,2
30192,1
30193,2
30194,2
30195,1
30196,2
30197,2
30198,1
30199,3
30203,3
30204,1
30205,3
30206,2
30207,2
30208,0
30209,1
30210,3
30211,4
30213,3
30214,0
30215,3
30216,3
30217,1
30220,4
30221,3
30222,1
30223,1
30224,4
30225,4
30226,4
30227,3
30228,3
30229,1
30230,4
30231,3
30232,2
30233,2
30234,2
30235,2
30236,2
30237,2
30239,2
30240,1
30241,3
30242,0
30243,2
30244,0
30245,2
30246,4
30247,1
30249,4
30250,0
30251,0
30252,2
30254,2
30256,3
30259,2
30260,3
30261,2
30262,2
30263,3
30264,1
30266,2
30267,2
30268,4
30269,2
30270,0
30272,0
30273,1
30275,2
30276,1
30277,1
30278,2
30279,3
30280,1
30281,3
30282,2
30283,1
30284,0
30285,4
30286,1
30287,0
30288,2
30289,2
30290,4
30291,2
30293,3
30294,4
30296,2
30297,1
30298,2
30300,1
30301,1
30302,1
30304,2
30305,3
30306,3
30307,1
30308,4
30310,2
30311,2
30312,0
30313,1
30315,2
30317,2
30319,2
30320,0
30321,2
30322,2
30323,2
30324,2
30325,2
30326,1
30327,3
30328,3
30329,2
30330,2
30331,3
30332,2
30334,0
30335,4
30336,3
30337,3
30338,2
30339,2
30340,2
30341,4
30342,3
30343,0
30344,0
30346,2
30347,1
30348,4
30349,2
30350,2
30351,2
30354,2
30355,1
30356,1
30357,0
30358,4
30359,0
30360,1
30361,1
30362,2
30363,0
30365,1
30366,3
30368,2
30369,3
30370,1
30371,2
30372,0
30373,2
30374,3
30375,4
30376,4
30377,1
30378,1
30379,3
30382,2
30384,0
30385,1
30387,2
30388,2
30389,3
30391,2
30392,2
30393,2
30394,3
30395,0
30396,2
30397,4
30399,3
30400,2
30401,2
30403,3
30404,2
30405,2
30406,1
30408,1
30409,0
30410,2
30412,1
30413,1
30414,2
30415,3
30416,2
30417,3
30418,3
30419,1
30421,3
30422,2
30423,2
30424,4
30425,3
30426,1
30427,0
30428,1
30429,2
30430,0
30431,2
30432,3
30434,2
30435,4
30436,3
30437,0
30439,3
30440,3
30442,2
30443,2
30444,2
30446,2
30447,2
30448,1
30449,2
30450,0
30451,1
30452,1
30453,2
30454,2
30455,1
30456,4
30458,3
30459,2
30462,4
30463,0
30464,3
30465,2
30467,2
30469,2
30470,1
30472,4
30474,3
30475,0
30476,2
30477,2
30478,4
30480,1
30481,4
30482,3
30483,1
30484,2
30486,0
30488,1
30489,3
30490,4
30491,2
30492,4
30493,2
30494,2
30495,2
30496,0
30497,1
30498,1
30499,3
30500,0
30501,2
30503,2
30504,4
30505,4
30506,2
30507,1
30508,1
30509,3
30511,2
30512,0
30513,3
30514,2
30515,2
30516,2
30517,2
30518,2
30519,3
30522,2
30523,4
30524,0
30525,1
30527,1
30528,2
30529,3
30530,3
30531,2
30532,1
30533,1
30534,1
30535,3
30536,1
30537,2
30538,2
30539,4
30540,1
30541,2
30542,1
30544,1
30545,0
30546,4
30547,0
30548,3
30552,1
30553,2
30554,3
30555,3
30556,0
30557,1
30558,4
30560,2
30561,3
30562,3
30565,1
30567,0
30569,2
30570,2
30572,1
30573,2
30574,1
30577,2
30578,1
30579,0
30580,2
30581,1
30582,2
30583,1
30584,2
30585,2
30586,0
30587,2
30588,3
30589,0
30590,2
30592,1
30593,2
30594,3
30596,2
30597,2
30599,0
30600,3
30601,4
30602,1
30603,1
30604,0
30605,1
30606,1
30607,2
30608,2
30609,2
30610,2
30611,2
30612,0
30613,2
30614,4
30615,3
30617,2
30618,0
30619,1
30620,4
30621,1
30623,2
30624,2
30625,1
30626,1
30627,2
30628,2
30629,1
30630,4
30633,2
30634,4
30635,4
30637,3
30638,2
30639,0
30640,0
30641,1
30642,2
30643,1
30644,2
30645,3
30646,2
30647,3
30648,2
30651,1
30652,0
30653,3
30654,3
30655,1
30656,2
30658,2
30660,4
30661,1
30662,0
30663,2
30664,1
30665,4
30666,2
30667,4
30669,2
30670,1
30671,3
30672,2
30673,2
30674,2
30675,0
30676,4
30677,1
30678,1
30679,2
30680,2
30681,2
30682,3
30685,0
30687,4
30688,0
30689,4
30690,2
30692,2
30693,1
30694,4
30695,3
30696,2
30697,2
30698,3
30699,2
30700,2
30701,3
30702,1
30703,2
30705,0
30706,0
30707,0
30708,2
30709,2
30710,2
30711,1
30712,0
30713,0
30714,1
30715,0
30716,2
30717,2
30718,2
30719,2
30720,2
30722,2
30723,3
30724,2
30725,2
30726,1
30727,1
30728,2
30730,2
30731,2
30732,1
30733,2
30734,1
30736,2
30737,2
30739,3
30740,0
30741,3
30742,2
30743,2
30744,2
30745,2
30747,2
30748,0
30749,2
30751,1
30753,3
30754,0
30755,0
30756,3
30757,3
30758,3
30760,2
30762,0
30763,2
30764,1
30767,2
30770,1
30771,1
30772,3
30773,0
30774,2
30775,2
30776,4
30777,3
30778,1
30780,2
30781,2
30782,4
30783,1
30784,1
30786,2
30787,2
30789,1
30790,2
30791,0
30792,2
30793,1
30794,2
30795,2
30796,4
30797,1
30798,3
30799,2
30800,4
30801,2
30802,2
30803,2
30804,2
30805,2
30809,2
30810,2
30813,3
30814,2
30815,4
30816,1
30817,2
30818,1
30820,1
30821,0
30822,2
30823,2
30825,2
30827,2
30829,1
30830,1
30831,3
30832,1
30833,2
30834,1
30835,3
30836,3
30837,1
30838,3
30839,1
30840,2
30841,4
30842,0
30843,4
30844,1
30845,2
30846,0
30847,0
30848,3
30849,4
30850,4
30852,2
30853,1
30854,2
30855,1
30856,2
30858,3
30859,2
30860,2
30861,3
30862,1
30864,0
30865,2
30869,1
30870,2
30872,1
30873,0
30874,4
30875,0
30877,3
30878,2
30880,1
30881,2
30882,2
30884,2
30885,3
30886,3
30887,1
30888,0
30889,1
30890,2
30891,0
30892,2
30893,2
30895,0
30896,1
30897,2
30898,2
30899,2
30900,2
30901,0
30904,2
30905,0
30906,0
30907,1
30908,1
30909,2
30910,2
30911,4
30912,2
30913,2
30914,3
30915,2
30916,1
30917,0
30918,1
30919,2
30920,0
30921,2
30922,2
30925,4
30926,2
30927,0
30928,0
30929,4
30930,2
30931,0
30932,2
30933,2
30935,3
30937,2
30939,2
30940,3
30941,2
30942,0
30943,2
30944,2
30945,3
30947,1
30949,2
30950,2
30951,2
30952,2
30953,4
30954,4
30955,2
30956,1
30957,0
30960,2
30961,2
30962,1
30963,4
30964,4
30966,2
30967,4
30968,2
30969,1
30971,4
30972,4
30973,1
30974,2
30975,3
30977,3
30979,0
30980,1
30981,2
30982,2
30983,2
30984,2
30985,0
30986,4
30987,4
30988,2
30989,2
30990,3
30991,1
30992,4
30993,2
30994,2
30996,2
30997,0
31000,2
31001,1
31002,2
31003,3
31004,1
31006,1
31007,1
31008,2
31009,2
31010,2
31012,3
31014,0
31015,4
31016,2
31017,2
31018,2
31019,2
31020,2
31021,1
31022,2
31023,0
31026,4
31027,2
31028,0
31029,0
31030,3
31031,2
31032,2
31033,2
31034,3
31035,0
31036,2
31037,2
31038,3
31039,1
31040,2
31042,2
31044,2
31047,2
31048,2
31049,2
31054,4
31056,3
31057,2
31058,0
31059,2
31060,2
31061,1
31062,2
31063,2
31064,1
31065,2
31066,2
31067,3
31068,2
31069,2
31070,2
31071,0
31072,2
31073,2
31074,4
31075,1
31077,2
31078,2
31079,0
31080,3
31081,2
31082,2
31083,2
31084,2
31085,1
31086,2
31087,2
31088,2
31089,2
31090,0
31091,2
31092,2
31093,3
31096,1
31097,0
31098,3
31099,1
31100,1
31101,2
31102,1
31103,0
31104,1
31105,2
31107,3
31108,2
31109,1
31110,2
31111,2
31112,2
31113,2
31114,2
31115,1
31116,1
31117,2
31118,2
31119,2
31121,2
31122,2
31123,2
31125,2
31126,2
31127,1
31128,0
31129,4
31131,4
31132,2
31133,3
31136,1
31137,1
31138,2
31139,1
31140,1
31141,2
31142,3
31144,2
31145,1
31146,1
31147,1
31148,3
31150,2
31151,1
31152,2
31153,2
31154,1
31155,2
31157,1
31158,1
31159,2
31160,1
31161,3
31162,1
31163,1
31164,2
31165,3
31166,3
31167,2
31168,2
31169,2
31170,2
31172,2
31173,1
31174,0
31175,3
31176,3
31177,1
31178,2
31179,2
31180,3
31181,1
31183,1
31184,3
31185,1
31186,0
31188,2
31189,2
31190,0
31191,2
31193,4
31195,2
31196,4
31197,2
31198,3
31199,2
31200,2
31201,0
31202,1
31203,4
31204,3
31205,1
31206,2
31207,2
31208,2
31209,2
31210,1
31211,4
31212,2
31213,1
31214,4
31215,0
31216,1
31217,2
31218,3
31219,3
31220,1
31222,1
31223,2
31224,2
31225,1
31226,2
31227,4
31228,0
31229,3
31230,1
31231,2
31233,2
31235,2
31237,2
31239,2
31240,2
31241,2
31242,4
31243,3
31244,2
31245,2
31246,2
31247,1
31248,0
31249,2
31251,2
31253,1
31254,2
31255,2
31256,1
31257,0
31258,2
31260,2
31261,0
31262,1
31264,2
31265,2
31266,0
31267,1
31268,2
31269,1
31270,1
31271,2
31272,2
31273,1
31274,1
31275,2
31276,1
31277,2
31278,1
31279,2
31280,4
31281,2
31283,2
31284,0
31285,0
31286,3
31287,3
31288,3
31290,1
31291,3
31292,0
31294,3
31295,2
31296,1
31297,4
31298,4
31299,2
31300,1
31301,1
31303,1
31304,2
31305,2
31307,2
31309,2
31310,2
31312,2
31313,2
31314,2
31317,2
31318,2
31320,2
31321,4
31322,3
31323,4
31324,1
31325,2
31326,2
31327,1
31328,2
31329,2
31330,2
31332,2
31333,3
31334,2
31335,2
31336,2
31339,1
31341,4
31342,1
31344,4
31345,1
31346,2
31347,0
31348,1
31349,2
31350,2
31352,2
31353,3
31355,2
31356,2
31357,2
31359,0
31360,2
31362,1
31363,1
31364,2
31365,2
31367,3
31368,1
31369,3
31371,4
31372,2
31374,3
31375,0
31377,2
31378,2
31379,1
31380,2
31381,2
31383,2
31384,2
31385,1
31387,2
31388,0
31390,3
31391,3
31393,3
31394,1
31395,0
31396,3
31397,2
31398,1
31399,2
31400,2
31401,0
31402,3
31403,2
31404,2
31405,2
31406,1
31407,2
31408,2
31409,3
31410,2
31411,2
31412,2
31413,2
31415,2
31416,2
31417,2
31418,2
31419,2
31420,0
31421,0
31422,4
31423,2
31424,1
31425,2
31426,2
31429,0
31431,2
31432,3
31433,2
31435,2
31436,2
31438,0
31439,3
31441,4
31442,1
31443,3
31444,4
31445,1
31446,1
31448,2
31449,3
31450,2
31451,2
31452,0
31453,4
31454,4
31455,3
31457,1
31458,3
31459,0
31460,4
31461,2
31463,1
31464,1
31465,2
31466,1
31467,2
31468,1
31469,3
31470,2
31471,2
31472,3
31473,3
31474,4
31475,1
31476,0
31478,2
31479,2
31480,2
31481,3
31482,1
31483,2
31485,3
31486,1
31487,3
31488,1
31489,3
31490,1
31491,4
31492,0
31493,3
31494,4
31495,4
31496,3
31497,1
31498,3
31499,2
31502,3
31503,0
31504,1
31506,1
31507,2
31508,0
31509,2
31510,1
31511,2
31512,2
31513,3
31515,2
31516,1
31517,2
31519,2
31520,1
31521,0
31522,2
31523,4
31524,3
31525,1
31526,1
31527,0
31528,2
31530,2
31531,0
31532,2
31533,1
31535,2
31536,0
31537,4
31538,2
31539,1
31540,1
31541,3
31542,2
31543,2
31544,0
31545,2
31547,2
31548,1
31549,2
31552,1
31553,1
31554,1
31555,1
31556,1
31557,4
31558,2
31559,2
31560,1
31561,2
31562,2
31563,2
31564,3
31565,2
31566,2
31567,2
31568,1
31569,1
31570,1
31571,3
31572,2
31573,2
31574,2
31576,4
31577,2
31579,3
31580,1
31581,2
31582,1
31584,2
31587,3
31588,0
31589,3
31590,3
31592,2
31593,2
31594,1
31595,2
31596,2
31597,4
31598,3
31600,1
31601,1
31603,1
31605,2
31606,3
31607,2
31608,3
31610,2
31611,4
31612,1
31613,2
31614,2
31615,2
31616,0
31617,3
31618,2
31619,1
31620,1
31621,4
31622,2
31623,3
31624,1
31625,2
31626,1
31627,0
31628,4
31629,0
31630,3
31631,0
31632,2
31634,1
31635,2
31637,2
31638,2
31639,2
31641,2
31642,2
31643,2
31644,1
31645,1
31646,2
31647,1
31648,3
31649,2
31650,4
31651,2
31652,1
31653,2
31654,2
31656,2
31657,0
31658,2
31659,3
31660,1
31661,3
31662,1
31663,1
31664,2
31665,1
31666,1
31667,2
31668,2
31670,4
31671,4
31672,0
31673,0
31674,3
31675,2
31676,3
31677,2
31678,2
31679,2
31680,2
31681,2
31682,1
31683,2
31684,1
31685,0
31686,2
31687,1
31688,2
31690,3
31691,3
31692,3
31693,4
31694,2
31695,2
31696,2
31697,2
31699,1
31700,1
31701,1
31702,2
31703,0
31704,0
31705,2
31706,1
31707,4
31708,2
31709,2
31710,1
31712,0
31713,2
31714,2
31715,3
31716,2
31717,2
31718,2
31719,4
31720,3
31721,3
31722,0
31723,0
31724,2
31726,1
31727,1
31729,1
31730,3
31731,2
31732,2
31733,4
31734,4
31736,1
31737,1
31738,4
31739,0
31741,2
31742,1
31743,2
31744,2
31746,3
31747,2
31748,2
31750,3
31751,2
31752,1
31754,1
31755,2
31756,0
31757,3
31758,0
31759,1
31760,1
31761,1
31762,3
31763,4
31765,0
31766,1
31767,1
31768,2
31769,4
31770,2
31771,2
31772,3
31773,2
31774,3
31775,1
31776,3
31778,2
31779,2
31780,3
31781,1
31782,2
31783,2
31784,0
31785,4
31786,4
31787,0
31788,2
31789,4
31790,0
31793,2
31794,2
31797,2
31800,3
31801,3
31802,0
31803,2
31804,0
31807,2
31808,2
31809,2
31810,3
31811,2
31812,3
31813,2
31814,1
31815,2
31817,1
31818,2
31819,2
31821,2
31822,4
31823,1
31824,2
31826,2
31827,1
31828,1
31829,1
31830,4
31831,1
31832,3
31833,1
31834,3
31835,2
31836,1
31838,2
31839,2
31840,2
31841,2
31842,1
31843,2
31844,1
31845,2
31846,2
31847,1
31848,2
31849,1
31850,3
31851,0
31854,1
31855,0
31856,1
31859,2
31860,1
31861,1
31862,4
31863,2
31864,2
31865,1
31866,1
31867,1
31868,3
31870,1
31872,0
31873,2
31874,3
31875,1
31876,3
31877,0
31878,1
31879,2
31880,1
31881,3
31882,3
31883,1
31884,3
31886,2
31887,2
31888,3
31889,2
31890,0
31892,3
31893,2
31894,4
31896,4
31897,3
31898,3
31899,1
31900,0
31901,1
31902,2
31903,1
31904,3
31905,2
31907,2
31908,0
31909,1
31910,1
31912,1
31913,2
31915,1
31916,4
31917,1
31918,1
31919,0
31920,1
31921,2
31923,3
31924,2
31925,3
31928,1
31929,2
31930,1
31933,2
31934,2
31936,2
31937,3
31938,4
31939,3
31940,2
31941,1
31942,2
31943,4
31944,3
31945,2
31946,4
31947,0
31948,1
31949,2
31951,3
31952,0
31953,2
31954,2
31956,4
31957,4
31958,2
31959,1
31960,2
31961,4
31962,1
31963,2
31964,1
31965,2
31966,2
31969,3
31970,0
31971,1
31972,2
31974,4
31975,4
31979,0
31980,4
31981,4
31985,1
31986,2
31988,0
31990,1
31991,2
31992,2
31993,1
31994,2
31995,2
31996,1
31997,1
31999,1
32001,2
32002,1
32004,3
32005,0
32007,4
32009,2
32011,2
32012,1
32013,2
32014,2
32017,2
32018,2
32021,1
32022,0
32023,3
32025,0
32026,1
32027,3
32030,1
32031,1
32032,2
32033,2
32034,2
32035,4
32036,1
32037,3
32038,4
32039,1
32040,3
32041,1
32042,2
32043,1
32044,1
32045,4
32047,3
32049,4
32051,2
32052,2
32053,2
32054,2
32056,4
32058,3
32060,2
32062,2
32063,4
32064,1
32065,2
32066,4
32067,1
32069,1
32071,1
32072,2
32073,4
32075,3
32077,1
32078,0
32079,2
32080,4
32081,2
32082,2
32083,2
32085,1
32086,0
32088,2
32089,2
32090,4
32091,3
32092,2
32093,3
32094,2
32095,2
32096,1
32097,2
32098,1
32099,1
32100,2
32101,1
32102,3
32103,2
32104,3
32106,4
32107,2
32108,3
32110,4
32111,0
32112,4
32113,1
32114,2
32115,4
32116,4
32117,1
32118,0
32119,2
32121,2
32124,1
32125,2
32126,1
32128,2
32129,4
32130,1
32131,2
32132,4
32133,4
32136,2
32137,2
32138,0
32139,2
32140,2
32141,1
32142,4
32144,2
32145,2
32146,2
32147,3
32148,0
32149,3
32150,2
32151,0
32152,3
32153,2
32154,2
32155,2
32157,3
32160,2
32161,1
32162,3
32163,2
32164,2
32165,2
32166,1
32168,3
32169,2
32170,1
32171,3
32172,2
32173,0
32174,3
32175,2
32176,2
32177,1
32178,2
32179,3
32180,0
32181,2
32182,0
32183,2
32185,0
32187,1
32188,3
32189,2
32190,2
32192,1
32193,2
32194,0
32195,2
32196,1
32199,2
32200,0
32201,2
32202,1
32203,0
32204,0
32205,2
32206,2
32207,1
32208,4
32209,1
32210,1
32211,2
32212,3
32213,2
32214,1
32215,2
32216,2
32217,1
32218,0
32219,2
32221,1
32222,4
32223,2
32224,1
32226,1
32229,1
32230,2
32231,2
32232,4
32233,1
32234,2
32235,3
32237,2
32238,4
32239,0
32240,3
32241,3
32243,2
32244,1
32245,3
32246,2
32247,2
32248,3
32250,1
32251,4
32252,1
32255,2
32256,0
32257,3
32258,2
32259,0
32260,2
32261,2
32262,3
32263,0
32264,3
32265,4
32266,2
32267,2
32268,2
32269,2
32270,2
32271,0
32272,4
32273,2
32274,2
32275,3
32276,3
32277,2
32278,3
32279,2
32280,3
32281,2
32282,3
32283,0
32284,3
32285,2
32286,2
32287,2
32288,1
32289,2
32291,1
32292,2
32293,3
32294,2
32295,2
32297,1
32298,2
32299,2
32300,4
32301,2
32302,1
32303,2
32306,3
32308,2
32309,3
32310,1
32311,2
32312,4
32316,1
32317,4
32318,1
32320,3
32321,2
32322,1
32323,1
32324,2
32325,3
32326,2
32327,4
32328,3
32329,1
32332,2
32333,4
32334,2
32335,2
32337,0
32338,2
32339,0
32341,1
32342,1
32343,4
32344,2
32345,0
32346,2
32348,1
32349,1
32350,3
32351,1
32352,2
32353,2
32354,2
32355,2
32356,1
32357,3
32358,4
32359,0
32360,4
32361,4
32362,1
32363,2
32365,1
32366,3
32367,2
32369,1
32370,2
32371,1
32372,1
32374,3
32375,1
32376,3
32377,2
32378,1
32379,2
32380,3
32381,2
32382,1
32383,3
32384,0
32387,2
32388,2
32390,2
32391,0
32392,1
32393,2
32394,2
32396,2
32398,1
32399,2
32400,1
32401,2
32402,1
32405,3
32407,1
32408,2
32409,4
32411,2
32412,0
32415,2
32416,1
32417,2
32419,2
32420,0
32421,2
32422,2
32423,2
32424,1
32425,4
32426,2
32427,0
32428,4
32429,2
32430,2
32431,2
32432,3
32433,1
32434,3
32435,3
32436,2
32437,2
32438,3
32439,2
32440,2
32442,3
32443,2
32446,0
32447,3
32448,2
32451,2
32452,2
32453,2
32455,2
32456,4
32458,0
32460,1
32462,3
32463,0
32464,2
32465,0
32466,2
32467,2
32468,2
32469,2
32470,1
32471,2
32472,3
32473,1
32474,0
32475,1
32476,4
32479,3
32480,4
32481,4
32482,2
32483,1
32484,2
32485,2
32486,0
32487,3
32488,2
32489,2
32490,2
32491,3
32492,1
32493,2
32494,4
32495,1
32497,2
32498,2
32499,2
32500,2
32501,2
32502,2
32503,1
32504,3
32506,2
32507,3
32508,2
32511,0
32512,2
32514,3
32515,3
32516,2
32517,4
32518,2
32521,3
32522,2
32524,2
32525,2
32526,3
32527,2
32529,1
32530,2
32531,2
32532,2
32533,3
32534,3
32535,2
32536,1
32537,1
32538,2
32539,1
32540,2
32542,1
32543,2
32544,2
32545,3
32546,0
32548,2
32549,2
32550,2
32551,1
32552,4
32553,3
32555,2
32556,0
32558,2
32559,3
32560,3
32561,2
32562,0
32563,2
32565,2
32566,2
32567,0
32568,4
32569,1
32570,3
32571,2
32572,0
32573,4
32574,2
32575,2
32576,2
32577,4
32578,3
32579,1
32580,2
32581,3
32582,1
32583,4
32584,2
32586,1
32587,3
32588,2
32589,2
32590,2
32591,2
32592,2
32594,1
32595,2
32597,2
32598,2
32599,2
32600,2
32601,0
32602,2
32603,2
32604,0
32606,2
32607,2
32609,3
32610,3
32611,4
32612,2
32613,2
32614,2
32615,1
32616,0
32617,3
32618,2
32619,2
32621,0
32622,2
32623,2
32624,1
32625,1
32626,2
32628,1
32629,3
32630,0
32631,1
32632,0
32633,4
32634,0
32635,2
32636,2
32637,4
32638,2
32639,1
32641,0
32642,1
32643,1
32644,0
32645,2
32646,0
32647,2
32650,2
32651,2
32652,2
32653,1
32656,2
32657,2
32658,2
32661,2
32662,2
32663,0
32665,0
32667,0
32668,3
32669,1
32671,1
32672,0
32674,4
32675,2
32676,3
32677,3
32679,2
32680,4
32682,3
32683,0
32684,3
32685,2
32686,1
32687,3
32688,1
32692,1
32693,2
32694,3
32695,3
32696,4
32697,3
32698,2
32699,2
32700,2
32702,3
32703,4
32704,1
32705,2
32706,2
32707,2
32708,2
32709,3
32710,2
32711,1
32712,2
32713,3
32714,4
32716,1
32717,2
32718,3
32720,3
32721,3
32722,4
32723,2
32724,4
32726,2
32727,1
32728,2
32729,3
32730,3
32731,2
32732,3
32733,1
32734,4
32735,1
32736,0
32737,4
32738,2
32739,1
32740,2
32741,2
32742,3
32743,3
32744,2
32745,2
32746,2
32748,2
32749,2
32750,1
32751,2
32752,1
32754,1
32755,2
32758,2
32760,4
32761,4
32763,0
32764,3
32765,0
32766,2
32768,1
32769,2
32770,2
32771,2
32772,2
32773,1
32775,1
32776,2
32777,2
32779,3
32780,0
32783,4
32784,3
32785,4
32786,2
32787,1
32788,2
32789,4
32790,3
32791,1
32794,4
32795,1
32796,1
32797,2
32799,1
32800,2
32802,2
32804,2
32805,4
32806,1
32807,4
32810,2
32811,1
32812,0
32814,0
32815,4
32816,4
32817,1
32818,2
32819,0
32820,2
32821,0
32822,2
32823,2
32825,2
32826,0
32828,2
32829,2
32830,3
32831,1
32832,2
32833,2
32834,2
32835,2
32836,1
32837,2
32838,1
32839,1
32840,2
32841,2
32842,2
32843,4
32844,2
32845,2
32846,1
32847,2
32848,2
32849,3
32850,2
32851,1
32852,1
32853,0
32854,3
32855,0
32856,2
32858,3
32859,2
32860,2
32861,1
32862,2
32863,2
32865,2
32867,2
32868,2
32869,0
32870,2
32871,4
32872,0
32873,1
32874,1
32875,3
32876,1
32877,2
32878,2
32879,1
32881,3
32882,2
32883,4
32884,4
32885,4
32886,2
32887,3
32889,2
32890,2
32891,1
32892,2
32893,0
32894,1
32895,1
32896,1
32897,1
32898,2
32899,1
32900,0
32901,2
32902,2
32904,0
32905,2
32906,2
32908,1
32909,2
32910,0
32911,2
32912,3
32913,2
32914,0
32915,0
32916,1
32917,2
32919,2
32921,1
32922,2
32923,1
32924,3
32925,3
32926,0
32927,0
32928,2
32931,3
32932,1
32933,2
32935,2
32940,2
32941,1
32942,2
32943,2
32944,3
32945,2
32946,2
32948,3
32949,1
32950,1
32951,2
32952,0
32953,2
32954,0
32955,2
32956,1
32957,2
32958,3
32959,0
32962,2
32963,1
32964,1
32965,1
32966,3
32967,1
32968,2
32970,4
32972,1
32973,3
32974,4
32975,4
32976,2
32978,2
32979,1
32981,1
32982,2
32983,3
32984,3
32985,2
32986,3
32989,2
32990,3
32991,4
32992,2
32993,2
32994,2
32996,2
32999,2
33000,2
33001,2
33002,3
33003,4
33006,2
33008,2
33009,2
33010,3
33011,4
33012,2
33013,3
33015,2
33016,2
33017,4
33018,2
33020,0
33022,2
33023,2
33025,0
33028,2
33029,2
33030,1
33033,2
33035,2
33036,4
33037,1
33038,1
33039,2
33041,2
33043,1
33044,0
33045,2
33046,3
33047,3
33048,3
33049,1
33050,1
33052,0
33054,2
33055,2
33056,3
33057,2
33058,3
33059,3
33060,2
33061,0
33062,2
33063,2
33064,1
33065,1
33067,0
33068,4
33069,2
33071,3
33073,3
33074,2
33075,2
33076,2
33080,4
33081,3
33082,2
33085,1
33086,3
33087,3
33088,2
33089,3
33090,1
33092,3
33095,2
33097,1
33098,1
33099,3
33100,3
33101,2
33102,1
33103,1
33104,3
33105,2
33106,1
33108,3
33109,2
33110,2
33111,2
33112,3
33113,2
33115,2
33116,2
33117,2
33119,1
33122,0
33123,1
33124,0
33125,2
33127,1
33128,0
33129,4
33131,1
33132,3
33133,2
33134,2
33136,4
33137,3
33139,0
33140,3
33141,2
33142,2
33143,1
33144,0
33145,1
33146,2
33148,2
33149,1
33150,2
33152,3
33153,3
33154,1
33155,3
33156,2
33158,2
33159,3
33160,0
33162,2
33163,2
33164,4
33165,1
33167,2
33168,2
33169,1
33170,0
33171,2
33172,3
33174,3
33175,3
33176,3
33177,1
33179,0
33181,3
33182,2
33184,2
33185,4
33186,3
33187,2
33188,3
33189,2
33192,2
33195,0
33196,1
33198,0
33199,4
33200,4
33201,3
33203,2
33204,2
33205,2
33206,4
33207,3
33209,2
33210,0
33211,2
33212,2
33213,3
33214,2
33215,1
33216,1
33217,3
33218,0
33219,1
33220,1
33221,1
33222,0
33223,2
33224,4
33225,2
33226,2
33227,3
33228,2
33229,1
33230,2
33231,2
33232,2
33233,4
33234,2
33235,1
33238,2
33239,1
33240,1
33241,2
33242,1
33243,3
33245,2
33246,2
33247,1
33248,3
33249,4
33251,2
33252,0
33253,1
33254,3
33255,2
33256,1
33257,2
33258,1
33260,3
33261,1
33263,4
33264,3
33265,2
33266,1
33267,1
33270,2
33271,4
33272,2
33273,2
33274,3
33275,1
33276,2
33277,2
33279,2
33280,0
33281,2
33282,1
33283,3
33284,0
33285,2
33286,2
33287,3
33288,0
33289,2
33291,0
33292,2
33294,1
33296,2
33297,1
33301,0
33302,2
33303,0
33304,3
33305,4
33306,2
33308,1
33309,2
33311,4
33312,3
33313,2
33314,2
33315,2
33316,2
33317,2
33318,0
33319,1
33320,2
33321,2
33323,2
33324,2
33325,2
33327,1
33329,3
33330,2
33331,4
33332,2
33333,2
33334,2
33335,4
33336,1
33338,4
33339,2
33340,2
33342,1
33343,2
33344,1
33345,1
33346,2
33348,0
33349,2
33350,2
33352,2
33353,2
33355,3
33357,3
33358,0
33359,2
33360,0
33361,2
33362,2
33363,2
33364,2
33365,4
33366,3
33367,2
33369,4
33370,1
33371,2
33372,0
33373,0
33375,1
33376,1
33377,3
33378,2
33379,1
33380,2
33382,2
33383,1
33384,2
33386,4
33387,2
33388,0
33391,1
33393,3
33394,0
33397,2
33398,2
33400,2
33401,0
33403,2
33404,3
33406,1
33407,2
33408,2
33410,3
33411,4
33412,1
33413,2
33414,0
33415,4
33416,4
33417,2
33418,1
33419,1
33420,2
33421,2
33422,0
33423,2
33424,1
33425,3
33426,3
33427,2
33428,2
33429,2
33430,1
33431,2
33432,2
33433,3
33435,2
33436,4
33437,2
33438,0
33439,3
33440,1
33441,2
33443,1
33445,4
33446,2
33447,3
33448,2
33449,2
33451,2
33452,2
33453,1
33454,3
33455,2
33456,2
33457,2
33458,1
33459,2
33460,2
33461,0
33463,1
33464,2
33465,2
33466,2
33467,2
33468,3
33469,2
33470,1
33471,3
33472,2
33474,2
33475,3
33476,1
33477,1
33478,2
33479,1
33480,3
33481,2
33483,1
33484,4
33486,1
33487,1
33489,0
33490,3
33494,3
33495,0
33496,3
33497,2
33498,1
33499,3
33502,2
33503,2
33505,1
33506,2
33507,1
33510,1
33511,4
33512,2
33513,2
33514,1
33515,1
33516,1
33517,2
33519,1
33520,3
33521,2
33522,2
33523,2
33524,1
33525,0
33526,3
33527,1
33528,2
33529,2
33530,2
33531,2
33532,2
33533,2
33535,0
33536,3
33538,4
33539,1
33540,2
33541,3
33542,0
33543,0
33544,3
33546,3
33547,1
33548,2
33549,2
33550,3
33551,3
33552,3
33554,1
33555,1
33556,2
33559,4
33560,1
33561,1
33562,1
33563,0
33564,4
33565,2
33566,0
33567,2
33570,2
33571,2
33572,3
33573,1
33574,2
33575,1
33577,2
33578,2
33579,2
33580,2
33581,2
33582,2
33583,1
33584,2
33585,2
33586,4
33587,0
33588,2
33589,3
33590,2
33591,2
33592,2
33593,2
33594,3
33595,4
33596,2
33597,3
33598,3
33599,2
33600,3
33601,1
33602,3
33603,2
33604,2
33605,2
33606,2
33607,2
33608,4
33609,2
33610,4
33611,3
33612,2
33613,2
33614,0
33615,4
33616,3
33618,0
33619,3
33620,2
33624,2
33626,3
33627,2
33628,3
33629,1
33630,0
33631,3
33632,3
33633,0
33635,2
33636,2
33637,2
33638,1
33639,2
33640,3
33641,3
33642,2
33643,1
33644,1
33645,2
33646,3
33647,1
33648,1
33649,2
33650,2
33651,2
33652,2
33654,0
33655,4
33656,2
33657,2
33658,1
33659,1
33660,1
33661,1
33662,3
33663,2
33664,4
33665,1
33666,2
33667,1
33668,2
33669,0
33671,2
33672,2
33673,3
33674,2
33676,2
33677,2
33678,2
33679,2
33680,1
33681,0
33683,2
33684,2
33685,2
33686,1
33688,1
33689,2
33690,4
33691,2
33692,4
33693,0
33694,2
33695,1
33696,4
33697,3
33698,0
33699,2
33700,2
33701,2
33702,3
33703,3
33704,1
33705,1
33706,3
33707,0
33709,2
33710,1
33711,2
33713,3
33714,0
33715,2
33716,2
33717,3
33718,0
33719,2
33720,2
33721,2
33722,2
33723,3
33724,2
33725,2
33726,1
33727,2
33729,1
33730,2
33731,2
33732,3
33733,4
33734,3
33735,2
33736,2
33737,1
33739,2
33740,3
33744,2
33745,3
33746,3
33747,2
33749,3
33750,2
33751,3
33752,4
33753,2
33754,2
33756,2
33757,2
33758,1
33759,1
33760,0
33761,2
33762,3
33763,1
33764,0
33765,1
33766,1
33767,1
33768,2
33769,1
33770,1
33772,2
33773,3
33774,1
33775,3
33776,2
33777,1
33778,1
33779,2
33780,2
33781,2
33782,2
33783,2
33785,2
33786,0
33787,0
33788,3
33790,2
33791,3
33792,1
33793,2
33794,4
33795,1
33796,3
33797,1
33798,2
33800,1
33802,2
33804,2
33805,0
33807,2
33808,3
33809,0
33810,1
33811,0
33812,2
33813,2
33814,1
33815,0
33816,2
33817,0
33818,1
33819,2
33820,2
33821,2
33822,1
33823,2
33826,2
33827,3
33828,2
33829,1
33830,2
33831,2
33832,2
33833,3
33834,2
33835,1
33836,1
33837,0
33838,2
33839,2
33840,2
33841,3
33843,2
33844,2
33845,1
33847,3
33848,2
33849,1
33850,2
33852,2
33853,1
33854,2
33855,2
33856,2
33858,1
33859,2
33860,2
33861,1
33862,2
33863,2
33865,2
33866,1
33867,2
33868,2
33869,2
33870,2
33871,2
33872,2
33873,1
33874,2
33875,2
33876,2
33877,1
33879,2
33880,2
33881,1
33882,1
33883,2
33884,0
33886,4
33887,3
33888,2
33889,2
33890,1
33891,1
33892,1
33893,2
33894,2
33896,2
33897,0
33899,3
33900,3
33901,2
33903,1
33905,0
33907,2
33908,2
33910,1
33911,2
33912,1
33913,2
33915,0
33916,4
33918,3
33921,2
33922,2
33923,3
33924,2
33926,1
33927,3
33928,2
33930,2
33931,2
33932,1
33933,2
33935,3
33936,2
33937,3
33938,1
33939,2
33940,2
33941,4
33942,1
33943,3
33944,2
33945,4
33947,1
33948,2
33951,3
33952,2
33953,3
33954,0
33957,2
33958,2
33959,2
33960,3
33962,1
33964,0
33965,1
33966,4
33967,0
33968,2
33969,1
33970,2
33971,0
33972,1
33974,2
33975,1
33976,1
33977,1
33978,2
33979,2
33980,3
33981,2
33985,3
33986,2
33987,0
33988,2
33989,2
33990,3
33992,2
33993,2
33994,2
33997,2
33998,1
33999,2
34000,4
34002,1
34003,3
34004,2
34005,0
34006,2
34008,2
34009,2
34012,2
34013,2
34014,0
34015,1
34016,1
34017,1
34018,2
34019,0
34020,3
34022,2
34023,2
34025,2
34027,2
34028,2
34029,2
34030,2
34031,2
34033,1
34035,2
34037,1
34038,2
34039,4
34040,1
34041,1
34042,2
34043,2
34044,2
34045,1
34046,3
34047,0
34050,2
34052,1
34054,0
34056,0
34057,4
34059,4
34060,0
34061,1
34063,0
34064,2
34065,1
34066,1
34067,2
34068,4
34069,3
34071,0
34072,3
34073,1
34074,2
34075,3
34076,0
34077,2
34078,1
34079,1
34080,2
34082,2
34083,0
34084,4
34085,2
34086,2
34087,1
34089,3
34091,2
34092,1
34093,1
34094,2
34096,4
34098,0
34099,3
34100,2
34101,2
34103,2
34107,2
34108,1
34109,4
34112,2
34113,2
34115,2
34116,2
34119,2
34120,2
34122,2
34124,2
34125,2
34126,1
34128,3
34129,0
34130,2
34131,1
34132,0
34133,1
34134,2
34135,2
34136,2
34137,4
34138,2
34141,4
34142,2
34145,2
34146,2
34147,1
34148,0
34150,4
34151,1
34152,0
34153,2
34154,2
34155,2
34156,2
34158,2
34159,2
34160,3
34162,1
34163,2
34164,2
34165,1
34166,1
34167,2
34169,4
34170,0
34171,2
34172,1
34174,2
34176,3
34177,1
34178,4
34179,3
34180,1
34182,2
34183,3
34184,3
34185,2
34186,3
34187,2
34188,1
34189,2
34190,3
34192,1
34195,3
34196,2
34197,2
34199,3
34201,3
34202,2
34203,2
34204,2
34205,3
34206,2
34208,1
34209,0
34210,1
34211,4
34212,2
34213,3
34214,1
34215,1
34216,3
34217,1
34218,1
34219,2
34220,0
34221,1
34222,1
34223,2
34224,2
34225,0
34226,0
34227,2
34228,3
34230,4
34231,3
34233,0
34234,1
34235,2
34236,0
34237,4
34238,2
34239,2
34240,2
34241,2
34243,3
34246,3
34247,2
34248,0
34249,2
34250,1
34251,2
34252,1
34253,4
34254,1
34256,3
34257,4
34258,2
34259,0
34260,1
34262,2
34265,2
34266,2
34267,0
34268,4
34269,3
34270,4
34271,3
34272,0
34273,2
34274,2
34277,2
34278,3
34279,3
34280,2
34281,1
34283,2
34286,3
34287,2
34290,0
34291,1
34293,2
34295,2
34296,1
34297,2
34298,2
34300,0
34301,2
34303,1
34304,1
34305,2
34306,2
34308,2
34309,0
34310,0
34312,3
34313,1
34314,3
34315,1
34317,1
34318,4
34319,1
34320,2
34322,2
34323,3
34324,3
34325,2
34326,0
34327,1
34328,1
34329,0
34330,0
34331,2
34332,2
34334,2
34335,1
34336,3
34337,2
34338,3
34339,4
34341,3
34342,2
34343,1
34344,1
34345,2
34346,2
34347,2
34348,4
34349,3
34350,2
34351,2
34352,2
34353,4
34354,2
34356,2
34357,2
34358,4
34359,1
34360,0
34361,4
34363,3
34364,2
34365,0
34366,4
34367,2
34368,1
34369,2
34370,1
34371,2
34372,0
34374,1
34375,2
34376,2
34377,1
34378,2
34379,2
34381,1
34383,3
34384,2
34385,2
34386,0
34389,2
34391,1
34392,2
34393,1
34394,2
34395,1
34396,1
34397,2
34398,2
34399,2
34400,2
34401,4
34405,1
34406,2
34408,0
34409,0
34410,0
34411,2
34413,4
34414,2
34415,2
34416,2
34419,2
34420,2
34422,2
34423,2
34425,1
34426,2
34427,3
34428,2
34429,3
34431,3
34432,2
34433,2
34434,2
34435,3
34436,2
34437,2
34438,2
34439,3
34441,1
34442,2
34443,1
34444,2
34445,2
34446,3
34447,3
34448,2
34450,2
34451,0
34452,2
34453,2
34454,4
34455,2
34456,2
34457,2
34458,1
34459,2
34461,1
34462,2
34463,4
34464,2
34465,0
34466,3
34467,2
34469,3
34470,2
34471,3
34472,0
34473,2
34474,1
34475,0
34477,3
34479,2
34480,2
34481,1
34482,2
34483,2
34485,1
34486,2
34487,3
34488,3
34490,2
34492,1
34493,1
34494,0
34495,0
34496,0
34497,0
34498,0
34499,3
34500,1
34501,2
34502,2
34503,2
34504,2
34505,3
34506,2
34508,2
34509,1
34511,2
34513,4
34514,4
34515,1
34516,2
34517,0
34518,1
34519,4
34520,2
34521,2
34522,2
34524,3
34525,2
34526,3
34527,1
34528,2
34529,2
34531,2
34532,2
34534,1
34535,1
34537,2
34539,0
34540,1
34541,2
34542,2
34543,2
34544,2
34546,2
34547,2
34549,3
34550,2
34551,1
34552,3
34554,2
34556,2
34557,3
34558,3
34560,2
34561,1
34562,2
34563,1
34564,1
34565,2
34566,3
34567,1
34568,3
34569,2
34570,3
34571,2
34573,3
34575,1
34576,3
34578,0
34579,2
34580,3
34581,4
34582,3
34583,3
34584,2
34585,2
34586,4
34587,1
34588,3
34589,1
34590,4
34592,2
34594,4
34595,0
34597,3
34598,2
34600,2
34601,1
34602,2
34603,1
34604,4
34605,0
34606,4
34607,3
34608,1
34609,3
34610,2
34612,3
34613,0
34614,0
34615,3
34616,1
34617,2
34618,2
34619,3
34620,2
34621,2
34622,3
34624,2
34625,0
34626,1
34627,1
34628,3
34629,0
34630,1
34631,1
34632,2
34634,1
34635,1
34636,3
34638,0
34639,2
34640,2
34641,2
34642,3
34643,1
34644,1
34645,2
34646,2
34647,0
34649,2
34650,0
34652,1
34653,2
34654,2
34655,2
34656,1
34657,3
34659,2
34661,3
34662,3
34666,1
34667,2
34668,3
34669,2
34670,3
34671,1
34672,2
34674,1
34676,2
34677,0
34679,0
34680,1
34682,1
34683,3
34684,2
34685,1
34686,2
34687,2
34688,2
34689,0
34690,3
34691,2
34692,2
34693,2
34694,2
34696,4
34697,2
34698,2
34699,4
34700,2
34701,1
34702,2
34703,3
34704,2
34705,2
34706,1
34707,1
34708,0
34709,2
34711,1
34712,2
34713,1
34714,2
34715,1
34716,2
34718,1
34719,4
34720,3
34721,2
34722,2
34723,4
34724,0
34725,2
34728,1
34730,1
34731,2
34733,3
34734,3
34735,0
34736,2
34737,2
34738,2
34739,4
34740,1
34741,1
34743,2
34744,2
34745,3
34747,2
34748,2
34749,3
34750,0
34751,2
34753,4
34754,2
34755,2
34756,2
34757,2
34758,4
34759,2
34761,4
34762,3
34763,2
34764,2
34765,2
34766,4
34767,1
34768,4
34770,2
34772,1
34773,2
34774,2
34776,2
34777,4
34778,3
34779,2
34780,2
34781,3
34782,2
34783,2
34784,2
34785,3
34787,2
34788,2
34789,1
34790,2
34791,2
34793,3
34794,1
34795,3
34796,0
34797,1
34798,0
34799,3
34800,2
34801,2
34802,1
34803,0
34804,0
34805,1
34806,4
34807,3
34808,2
34809,2
34810,2
34811,3
34812,4
34814,4
34815,4
34816,3
34817,4
34818,1
34819,0
34820,3
34821,1
34822,2
34823,1
34824,2
34825,2
34826,3
34827,4
34830,1
34831,2
34833,2
34834,2
34835,3
34836,1
34837,2
34838,1
34839,2
34840,2
34841,2
34843,2
34844,2
34845,4
34846,2
34847,4
34848,3
34849,2
34850,3
34851,1
34852,1
34853,2
34854,2
34855,2
34857,2
34858,1
34859,2
34860,4
34861,2
34862,2
34863,2
34864,1
34866,2
34867,0
34869,0
34870,1
34871,3
34872,1
34873,1
34874,0
34875,4
34876,2
34877,2
34878,4
34879,2
34880,3
34881,1
34882,2
34883,2
34884,2
34885,1
34886,2
34887,3
34888,2
34889,1
34890,2
34891,1
34892,2
34893,2
34894,3
34895,2
34897,1
34898,0
34899,4
34900,2
34902,0
34903,2
34904,3
34905,3
34906,0
34908,2
34909,2
34910,3
34912,2
34913,1
34914,2
34915,1
34916,2
34917,2
34918,3
34919,4
34920,2
34921,2
34923,2
34924,2
34925,3
34926,2
34927,2
34928,2
34929,3
34930,3
34931,4
34932,1
34933,2
34935,4
34936,1
34937,2
34939,1
34941,3
34942,0
34943,2
34944,2
34945,1
34946,4
34947,2
34949,2
34950,3
34951,3
34952,2
34953,0
34954,3
34955,2
34956,3
34957,0
34958,1
34959,2
34960,3
34961,1
34962,2
34963,4
34964,2
34965,1
34966,2
34967,0
34968,1
34969,0
34970,2
34971,4
34972,2
34973,1
34974,1
34975,1
34977,2
34978,4
34979,2
34980,2
34981,2
34982,2
34983,2
34985,1
34986,3
34987,2
34988,2
34989,0
34990,2
34991,2
34992,2
34993,2
34994,2
34995,0
34996,1
34998,3
34999,1
35000,2
35001,2
35002,4
35003,4
35004,4
35005,1
35006,2
35007,1
35008,3
35009,2
35010,2
35011,2
35012,2
35013,2
35014,4
35015,2
35016,0
35017,1
35018,2
35019,3
35020,2
35021,4
35022,1
35023,3
35024,1
35025,1
35026,2
35027,1
35028,2
35029,3
35030,2
35033,2
35034,2
35035,0
35037,2
35038,0
35039,1
35040,2
35041,2
35042,1
35043,0
35044,3
35045,3
35046,3
35047,3
35048,3
35049,2
35050,2
35051,1
35053,3
35055,2
35057,3
35059,1
35060,2
35061,2
35062,2
35063,2
35064,2
35065,2
35066,1
35067,2
35068,0
35069,1
35070,0
35072,2
35073,0
35074,1
35075,0
35076,0
35077,1
35078,1
35079,1
35081,1
35082,2
35083,2
35084,3
35086,2
35087,2
35088,2
35089,3
35090,4
35091,0
35092,3
35093,2
35094,4
35095,3
35096,2
35097,1
35098,0
35099,2
35100,2
35101,2
35103,2
35105,0
35106,4
35107,2
35108,0
35109,3
35111,1
35112,0
35113,3
35114,4
35115,1
35116,1
35117,1
35118,2
35119,4
35121,1
35122,2
35123,2
35124,2
35126,2
35127,2
35128,3
35129,2
35131,0
35132,1
35133,4
35134,1
35135,2
35137,2
35138,2
35140,1
35141,2
35142,2
35143,3
35144,2
35145,0
35146,4
35147,2
35148,2
35150,0
35151,1
35152,2
35153,3
35154,3
35155,0
35156,1
35157,1
35158,2
35159,2
35162,4
35163,2
35164,2
35165,2
35167,0
35168,4
35170,3
35172,3
35173,2
35174,2
35175,2
35177,4
35178,0
35180,0
35181,0
35182,0
35183,3
35184,2
35186,2
35189,2
35191,2
35192,3
35193,2
35194,1
35195,3
35196,2
35197,0
35198,2
35199,3
35200,2
35202,2
35204,4
35205,3
35206,2
35208,2
35209,2
35210,2
35211,2
35212,3
35213,2
35214,2
35216,0
35217,4
35219,3
35220,0
35222,1
35223,2
35224,1
35226,3
35227,0
35228,2
35229,2
35230,1
35231,0
35232,4
35234,2
35235,0
35236,1
35237,1
35239,4
35240,2
35241,0
35242,3
35243,1
35244,3
35245,2
35246,0
35247,1
35248,2
35249,2
35250,2
35251,1
35252,4
35253,1
35254,0
35255,2
35256,2
35257,0
35260,1
35262,1
35263,1
35264,1
35265,1
35266,2
35268,1
35270,2
35271,0
35272,0
35275,2
35276,0
35279,3
35281,2
35282,0
35283,2
35285,0
35287,1
35288,3
35289,4
35290,4
35291,2
35292,1
35293,0
35294,2
35295,2
35296,3
35297,3
35298,0
35299,0
35300,1
35302,1
35303,2
35304,1
35306,2
35307,3
35308,3
35309,2
35310,2
35311,0
35312,2
35313,2
35314,4
35315,3
35316,2
35317,3
35318,1
35319,0
35321,1
35323,1
35324,3
35325,0
35326,1
35327,2
35328,2
35329,3
35330,2
35331,1
35333,2
35334,2
35335,2
35336,0
35337,2
35338,2
35339,1
35340,2
35341,2
35342,1
35343,2
35344,1
35346,3
35347,2
35350,2
35351,3
35353,1
35354,3
35356,1
35358,0
35361,1
35363,2
35364,2
35365,1
35367,3
35368,0
35369,0
35370,1
35371,2
35372,3
35373,1
35374,4
35375,2
35376,1
35377,4
35378,3
35379,2
35380,4
35381,2
35383,3
35384,1
35385,1
35386,1
35387,0
35389,1
35390,3
35391,2
35393,2
35395,3
35396,2
35397,2
35399,2
35400,2
35401,3
35402,3
35404,1
35405,2
35406,4
35407,2
35409,1
35410,2
35412,2
35413,2
35414,2
35415,2
35416,2
35417,1
35418,0
35419,3
35420,1
35421,3
35423,1
35424,0
35425,3
35426,1
35427,2
35428,2
35429,1
35430,2
35431,0
35432,2
35433,2
35434,0
35436,3
35437,2
35438,2
35439,2
35440,4
35441,2
35442,2
35444,2
35445,4
35446,1
35447,1
35448,4
35450,1
35451,4
35452,3
35453,0
35454,4
35455,1
35456,2
35457,2
35458,2
35459,3
35460,2
35461,2
35462,2
35463,1
35464,4
35465,4
35466,0
35467,4
35468,4
35469,1
35470,3
35471,2
35473,2
35475,1
35477,1
35478,0
35479,3
35480,1
35481,2
35483,2
35484,2
35485,0
35486,3
35487,2
35488,1
35489,2
35490,3
35491,2
35492,3
35493,2
35495,1
35497,2
35499,1
35500,1
35501,2
35502,2
35503,2
35505,4
35506,2
35508,2
35509,4
35510,3
35511,3
35512,1
35513,2
35515,4
35516,1
35517,1
35519,4
35520,2
35521,2
35523,1
35525,2
35526,2
35527,2
35528,2
35529,2
35530,3
35531,1
35532,2
35533,1
35535,2
35536,2
35537,2
35538,0
35539,2
35540,4
35541,3
35542,1
35543,1
35544,2
35545,1
35548,2
35549,0
35551,3
35552,3
35553,2
35554,1
35556,2
35557,3
35558,1
35559,2
35560,1
35561,2
35562,2
35563,0
35564,3
35566,2
35567,2
35568,2
35569,2
35570,1
35571,2
35572,4
35574,2
35575,1
35576,2
35579,2
35580,1
35581,2
35582,0
35583,3
35584,3
35586,1
35589,1
35590,2
35591,2
35592,2
35593,2
35594,2
35595,2
35596,1
35599,0
35600,2
35602,1
35603,2
35604,2
35605,3
35606,2
35607,2
35608,2
35609,3
35610,2
35611,3
35612,0
35614,0
35617,2
35618,1
35619,4
35620,2
35621,2
35623,2
35624,0
35625,0
35626,2
35627,1
35629,1
35632,0
35633,4
35634,2
35635,2
35636,3
35637,1
35638,2
35639,3
35640,2
35641,0
35642,2
35644,2
35645,2
35647,3
35648,2
35649,1
35650,0
35654,0
35656,4
35657,1
35658,1
35659,2
35661,2
35662,2
35663,4
35666,3
35667,3
35668,0
35669,2
35670,4
35671,2
35672,3
35673,0
35674,2
35675,2
35676,2
35678,4
35679,1
35680,3
35682,1
35684,2
35685,1
35686,3
35688,2
35689,3
35690,1
35691,0
35692,1
35693,2
35694,1
35696,2
35697,2
35698,4
35699,1
35700,1
35701,2
35702,2
35703,2
35704,3
35705,2
35707,3
35709,3
35710,1
35711,2
35712,3
35713,4
35714,2
35715,2
35718,2
35721,3
35722,3
35723,1
35724,0
35725,1
35726,1
35727,1
35728,1
35729,0
35730,2
35731,2
35732,0
35734,2
35735,4
35736,1
35737,2
35738,3
35740,2
35741,0
35742,0
35743,1
35745,3
35747,2
35748,1
35749,2
35750,4
35751,0
35752,2
35753,2
35754,2
35755,3
35756,1
35757,0
35758,2
35760,3
35761,2
35762,1
35764,2
35765,4
35766,2
35767,2
35768,2
35769,2
35770,0
35772,2
35773,2
35774,2
35775,1
35776,4
35777,2
35778,1
35779,2
35780,0
35781,2
35782,2
35786,2
35789,2
35790,1
35791,3
35793,4
35794,1
35795,1
35796,0
35797,1
35798,2
35799,4
35800,3
35801,0
35802,2
35803,0
35804,1
35805,2
35806,1
35807,1
35808,2
35809,0
35810,2
35813,1
35814,1
35815,2
35816,3
35817,2
35818,0
35819,2
35820,4
35821,2
35822,2
35823,1
35824,2
35826,2
35827,4
35828,1
35829,2
35831,2
35832,3
35833,2
35835,4
35837,1
35838,3
35839,2
35840,1
35841,3
35842,2
35843,2
35844,4
35845,2
35846,1
35848,1
35850,2
35851,2
35853,2
35854,2
35855,1
35857,3
35858,1
35859,3
35860,2
35861,3
35862,2
35863,2
35864,1
35865,2
35866,2
35867,2
35868,2
35869,0
35870,2
35871,2
35872,3
35873,1
35874,3
35875,4
35876,2
35877,0
35880,2
35881,1
35882,2
35883,1
35884,1
35885,1
35886,3
35887,1
35888,3
35889,1
35891,1
35893,2
35894,0
35895,2
35897,2
35898,3
35899,1
35900,1
35901,1
35902,0
35903,2
35904,2
35907,1
35908,2
35909,3
35911,1
35912,1
35914,4
35915,1
35916,2
35917,2
35918,1
35919,4
35920,3
35921,1
35922,1
35923,3
35924,2
35925,2
35927,4
35928,3
35929,3
35930,2
35931,2
35932,0
35933,3
35934,2
35935,1
35936,3
35937,3
35938,2
35939,2
35940,2
35944,3
35946,2
35950,2
35951,1
35952,2
35954,1
35955,2
35956,2
35958,4
35959,1
35960,2
35961,1
35962,2
35963,3
35964,2
35965,2
35966,2
35967,2
35968,2
35969,1
35972,1
35973,0
35975,1
35976,1
35977,2
35978,3
35979,0
35980,0
35981,0
35983,1
35984,3
35987,3
35988,2
35989,2
35990,2
35991,3
35992,2
35993,2
35994,0
35996,2
35997,2
35999,3
36000,0
36001,1
36002,3
36004,1
36005,2
36006,1
36008,0
36009,2
36010,3
36011,1
36013,4
36014,2
36015,2
36016,4
36017,4
36018,4
36019,1
36020,2
36021,1
36022,2
36023,3
36024,0
36025,2
36026,1
36028,2
36030,2
36031,1
36032,2
36034,3
36035,2
36036,2
36038,1
36039,0
36040,2
36041,0
36042,2
36043,1
36044,0
36046,2
36047,2
36048,2
36049,2
36050,2
36051,2
36052,1
36053,2
36054,2
36055,2
36056,2
36057,4
36058,2
36060,2
36061,2
36062,4
36064,1
36065,3
36066,3
36067,4
36068,2
36069,2
36070,2
36071,3
36072,2
36073,2
36074,4
36076,1
36077,2
36079,2
36080,1
36081,3
36083,4
36084,2
36085,1
36086,2
36088,3
36090,3
36091,1
36092,3
36093,3
36094,0
36096,2
36097,0
36098,2
36099,2
36100,1
36101,3
36102,1
36103,2
36104,3
36105,1
36106,2
36108,3
36110,1
36111,2
36113,4
36114,3
36115,2
36116,2
36117,0
36118,2
36119,1
36120,1
36122,4
36123,1
36125,2
36126,2
36127,2
36129,1
36130,3
36131,1
36132,3
36134,2
36135,3
36136,2
36137,2
36139,4
36140,0
36141,2
36143,2
36145,3
36147,2
36148,1
36149,2
36150,3
36151,2
36152,2
36153,0
36155,1
36156,2
36157,0
36158,3
36159,2
36160,2
36161,0
36162,0
36163,3
36164,4
36165,2
36166,2
36168,2
36169,2
36171,1
36173,1
36174,2
36175,2
36176,3
36178,2
36180,2
36182,1
36183,3
36184,2
36185,2
36186,2
36190,3
36192,2
36193,2
36194,1
36195,2
36196,2
36197,3
36199,0
36200,2
36201,0
36202,0
36204,3
36205,3
36206,2
36207,2
36208,2
36210,1
36211,2
36212,2
36213,2
36214,2
36215,3
36216,1
36217,2
36218,1
36219,2
36221,3
36222,2
36224,0
36225,2
36226,4
36227,2
36229,1
36231,2
36232,1
36233,2
36234,1
36235,2
36236,2
36237,2
36238,1
36239,2
36241,2
36242,2
36243,2
36244,2
36245,4
36246,0
36247,4
36249,0
36250,2
36252,1
36253,2
36254,0
36255,1
36257,3
36258,2
36259,2
36261,2
36263,2
36265,2
36266,0
36267,2
36270,2
36271,3
36272,1
36273,2
36274,2
36275,3
36276,2
36277,3
36278,2
36282,2
36283,2
36284,2
36285,3
36287,1
36288,2
36289,2
36290,1
36291,3
36292,1
36296,0
36297,0
36298,1
36299,3
36302,2
36303,2
36304,2
36305,2
36307,3
36309,1
36310,0
36311,1
36313,0
36314,2
36315,2
36316,3
36317,4
36318,2
36319,4
36320,0
36322,3
36323,2
36324,2
36325,2
36326,2
36327,2
36328,0
36329,3
36331,0
36332,1
36333,2
36334,2
36335,2
36336,1
36337,0
36338,3
36339,2
36340,2
36341,2
36342,4
36343,2
36344,3
36345,2
36346,3
36347,2
36348,2
36349,4
36350,2
36353,0
36355,2
36356,2
36357,4
36358,1
36360,1
36362,2
36363,4
36364,2
36365,2
36366,2
36367,1
36368,3
36369,2
36370,2
36371,3
36372,1
36374,2
36375,1
36377,2
36378,2
36379,2
36380,2
36381,1
36382,1
36383,2
36384,2
36385,1
36386,2
36387,2
36388,1
36389,3
36390,1
36391,1
36392,2
36395,2
36396,3
36397,2
36398,1
36399,3
36400,3
36401,4
36402,2
36403,1
36404,0
36405,2
36407,1
36408,0
36409,2
36410,3
36411,2
36414,2
36415,2
36416,2
36417,0
36419,0
36420,4
36421,2
36422,1
36423,2
36424,3
36425,0
36427,1
36428,1
36431,2
36432,2
36433,0
36434,2
36435,4
36437,3
36438,0
36439,2
36441,2
36442,2
36443,3
36444,3
36445,2
36446,2
36447,2
36448,3
36449,1
36450,4
36452,3
36454,1
36455,1
36456,2
36457,1
36458,3
36459,3
36460,2
36461,2
36462,2
36463,1
36464,0
36465,2
36466,2
36467,0
36468,2
36469,2
36470,4
36472,0
36473,2
36474,3
36475,1
36476,1
36478,2
36480,0
36481,0
36482,1
36483,3
36484,2
36485,3
36486,4
36487,1
36489,3
36491,1
36492,2
36493,2
36494,2
36495,0
36496,1
36498,2
36499,2
36500,1
36501,1
36502,2
36503,2
36504,1
36505,2
36507,0
36508,3
36511,2
36512,1
36513,1
36514,1
36515,1
36516,2
36517,2
36518,2
36519,1
36520,2
36521,3
36522,1
36524,1
36525,2
36526,2
36527,2
36528,3
36529,0
36530,0
36531,1
36532,1
36533,2
36535,2
36536,3
36537,4
36538,2
36539,2
36540,1
36542,0
36543,2
36544,2
36545,2
36546,1
36548,2
36550,2
36551,2
36552,2
36553,1
36555,1
36557,2
36558,3
36559,2
36560,1
36561,2
36562,1
36563,2
36564,2
36565,2
36567,0
36568,1
36569,1
36570,2
36572,1
36574,4
36575,2
36576,2
36580,3
36581,3
36582,2
36583,0
36584,0
36585,2
36586,3
36587,2
36588,2
36589,4
36590,1
36591,0
36592,4
36593,2
36596,2
36597,2
36598,1
36599,2
36600,3
36601,4
36603,1
36604,3
36605,4
36608,3
36609,1
36610,2
36612,2
36613,2
36614,2
36615,3
36616,2
36617,1
36618,0
36619,2
36621,2
36622,2
36623,2
36624,4
36625,2
36626,2
36628,2
36629,1
36630,2
36631,2
36632,2
36633,2
36635,2
36636,2
36637,2
36638,2
36640,2
36641,1
36642,4
36644,2
36646,2
36647,1
36648,1
36649,0
36650,2
36651,1
36652,0
36653,1
36654,0
36656,2
36657,2
36658,2
36659,3
36664,2
36665,0
36667,1
36668,3
36669,2
36671,2
36672,2
36673,2
36675,1
36676,3
36677,2
36679,2
36680,2
36681,4
36682,2
36683,2
36684,2
36685,0
36686,3
36688,2
36689,3
36690,2
36691,2
36692,1
36693,0
36694,2
36695,4
36696,2
36697,2
36700,3
36703,4
36704,3
36705,2
36706,0
36707,2
36709,3
36710,4
36711,3
36712,1
36713,0
36714,0
36715,3
36716,1
36717,1
36718,1
36719,1
36721,1
36722,0
36723,2
36724,2
36725,0
36727,3
36728,2
36729,1
36730,2
36731,1
36732,3
36734,1
36735,1
36736,2
36737,1
36738,2
36739,2
36740,2
36742,2
36744,0
36745,3
36747,1
36748,3
36749,3
36750,2
36752,2
36753,2
36754,2
36755,1
36756,1
36757,1
36759,3
36760,2
36761,2
36762,2
36763,1
36764,1
36765,2
36766,2
36767,1
36768,0
36769,1
36770,2
36771,2
36772,2
36773,3
36774,1
36775,3
36776,2
36777,2
36778,3
36780,3
36781,2
36782,3
36783,0
36784,4
36785,1
36786,3
36787,2
36788,1
36789,0
36790,4
36791,2
36793,1
36795,2
36797,2
36799,0
36800,2
36801,2
36803,2
36804,2
36805,4
36806,1
36807,1
36808,2
36810,4
36811,2
36812,1
36813,2
36815,4
36816,2
36817,4
36818,2
36819,2
36820,2
36821,2
36823,2
36825,4
36826,2
36827,2
36828,1
36830,1
36831,2
36833,2
36834,2
36835,1
36836,1
36838,2
36839,2
36840,2
36844,2
36845,0
36846,1
36848,2
36849,1
36850,0
36851,1
36853,2
36856,2
36857,1
36858,3
36859,1
36860,2
36861,3
36862,2
36863,2
36864,3
36865,1
36866,0
36867,2
36868,2
36869,1
36870,2
36871,2
36872,2
36873,4
36874,2
36875,3
36876,2
36877,2
36878,3
36881,3
36882,2
36884,3
36885,2
36886,2
36887,2
36888,2
36890,3
36891,2
36892,1
36893,1
36894,3
36895,1
36897,3
36899,2
36900,2
36901,2
36902,1
36903,2
36904,2
36905,1
36906,2
36907,2
36909,0
36910,1
36912,1
36914,2
36915,3
36916,3
36917,4
36921,2
36922,2
36923,3
36924,1
36925,4
36926,1
36927,2
36928,1
36929,1
36931,3
36932,4
36933,2
36934,2
36935,3
36936,2
36937,2
36938,2
36939,0
36940,2
36941,1
36942,2
36944,1
36945,2
36947,3
36948,3
36949,4
36950,1
36951,4
36952,2
36953,2
36954,2
36957,2
36959,2
36960,0
36961,4
36962,0
36965,1
36966,1
36967,3
36968,1
36972,3
36973,3
36974,3
36975,2
36976,0
36977,3
36978,2
36979,2
36980,2
36981,2
36982,1
36983,2
36984,2
36985,2
36986,2
36987,1
36988,3
36989,2
36990,2
36991,1
36992,1
36993,0
36994,2
36996,3
36997,2
36998,3
37001,1
37002,1
37003,3
37004,2
37005,2
37006,0
37007,3
37008,4
37009,2
37010,2
37011,3
37012,1
37013,3
37014,3
37015,2
37017,2
37019,3
37020,2
37021,3
37022,3
37023,2
37024,0
37025,1
37026,2
37027,0
37029,3
37032,3
37034,0
37035,1
37036,4
37037,4
37038,2
37039,2
37040,2
37041,2
37042,2
37043,4
37045,1
37046,1
37047,0
37048,2
37050,2
37051,2
37052,1
37053,1
37054,4
37055,0
37056,2
37057,2
37058,2
37060,2
37061,2
37063,2
37064,2
37066,0
37068,1
37069,3
37070,2
37071,2
37072,2
37073,4
37074,1
37077,2
37079,2
37080,3
37081,3
37084,1
37085,4
37086,2
37087,3
37088,2
37089,2
37090,4
37092,2
37093,2
37094,4
37095,1
37096,2
37097,2
37098,2
37099,0
37100,2
37101,4
37102,1
37103,1
37104,2
37105,2
37106,2
37107,2
37108,2
37109,3
37110,4
37111,1
37112,0
37113,1
37114,2
37116,3
37117,2
37118,0
37119,3
37120,2
37121,2
37122,1
37123,3
37124,2
37125,2
37127,2
37128,2
37130,2
37131,2
37132,3
37133,0
37134,2
37136,2
37137,2
37138,2
37139,3
37140,2
37144,0
37145,1
37146,1
37147,2
37149,2
37150,1
37151,4
37152,1
37153,2
37154,0
37156,2
37157,2
37158,2
37159,4
37160,3
37161,2
37162,0
37163,1
37164,2
37165,2
37166,2
37167,0
37168,1
37169,0
37170,1
37171,2
37172,2
37173,1
37174,2
37175,0
37176,2
37177,2
37178,1
37179,2
37180,0
37181,1
37182,2
37183,4
37184,1
37185,2
37186,1
37188,2
37189,0
37191,1
37192,2
37194,3
37195,2
37196,0
37197,3
37198,1
37199,1
37200,4
37203,2
37204,2
37205,0
37206,2
37207,2
37208,2
37209,3
37210,3
37211,3
37212,1
37214,2
37215,2
37216,2
37217,2
37218,1
37219,1
37220,2
37221,2
37222,1
37223,1
37225,2
37227,2
37228,1
37230,0
37231,0
37232,2
37234,4
37236,2
37237,3
37238,3
37240,3
37241,1
37242,4
37243,4
37244,2
37246,1
37248,1
37249,2
37251,1
37252,0
37253,2
37254,2
37256,2
37258,1
37259,2
37260,0
37262,4
37265,4
37266,2
37267,2
37268,1
37269,3
37270,2
37271,2
37272,2
37273,2
37274,1
37276,2
37277,2
37278,2
37282,1
37283,0
37286,3
37287,1
37288,1
37289,2
37290,2
37292,2
37294,3
37295,3
37296,0
37297,2
37298,4
37299,1
37300,2
37301,2
37303,1
37304,0
37305,1
37306,4
37307,2
37308,0
37309,0
37310,4
37311,3
37312,4
37313,2
37314,2
37315,1
37316,0
37317,4
37318,2
37319,2
37320,1
37321,2
37323,2
37324,2
37325,3
37326,0
37328,2
37329,3
37330,0
37331,2
37332,2
37333,2
37334,2
37335,4
37336,2
37337,3
37338,2
37339,1
37341,2
37343,2
37344,0
37345,2
37346,4
37347,4
37348,2
37350,3
37351,1
37352,3
37353,2
37354,2
37355,1
37356,3
37357,3
37358,3
37359,3
37360,1
37361,2
37362,0
37364,3
37365,2
37366,4
37367,1
37368,1
37369,1
37370,3
37371,1
37372,2
37373,2
37374,1
37375,2
37379,2
37380,2
37381,2
37382,2
37383,2
37384,2
37385,0
37388,1
37389,2
37390,1
37391,4
37392,2
37393,2
37394,1
37395,0
37396,1
37397,3
37398,2
37400,2
37401,1
37402,2
37403,1
37405,2
37407,2
37408,2
37409,0
37411,1
37412,3
37414,2
37415,2
37416,2
37417,4
37419,1
37421,2
37422,2
37423,2
37424,2
37425,1
37426,0
37428,2
37429,2
37430,4
37431,2
37432,2
37433,2
37434,1
37435,3
37436,2
37437,1
37438,4
37439,4
37440,2
37441,0
37442,2
37444,2
37445,0
37447,2
37448,1
37450,1
37451,2
37452,2
37453,2
37454,1
37455,2
37457,2
37458,4
37459,1
37460,2
37461,2
37462,3
37463,2
37464,1
37465,1
37466,1
37467,3
37468,2
37469,0
37470,2
37471,0
37473,0
37474,0
37476,2
37477,1
37478,2
37479,0
37480,2
37481,1
37483,2
37484,3
37486,2
37487,1
37488,2
37489,2
37490,2
37491,2
37493,2
37494,2
37497,1
37498,2
37500,2
37501,3
37502,2
37503,3
37504,2
37506,2
37507,2
37508,4
37509,2
37510,1
37511,1
37514,3
37515,2
37516,2
37517,4
37518,4
37520,2
37521,2
37523,1
37524,2
37525,2
37526,1
37527,3
37528,1
37529,3
37531,2
37535,0
37536,0
37537,2
37540,0
37541,3
37542,3
37545,0
37546,2
37548,2
37550,2
37551,2
37553,1
37554,2
37555,2
37556,2
37557,3
37558,4
37559,0
37560,1
37561,2
37562,2
37563,3
37564,1
37565,4
37566,2
37567,3
37569,2
37570,2
37571,2
37572,3
37573,1
37574,1
37575,4
37576,0
37577,1
37578,1
37579,3
37580,2
37581,3
37582,2
37583,1
37584,0
37585,2
37586,2
37587,2
37588,2
37589,1
37590,2
37591,1
37592,2
37593,1
37595,2
37596,4
37597,0
37598,4
37599,2
37600,2
37601,2
37602,2
37603,2
37605,0
37606,3
37607,2
37608,2
37610,4
37612,2
37613,0
37614,4
37615,2
37617,1
37621,0
37622,2
37623,3
37624,0
37625,1
37626,1
37629,1
37630,0
37631,2
37633,2
37634,1
37635,1
37637,4
37638,2
37639,3
37640,0
37641,2
37642,0
37643,3
37645,2
37647,1
37648,0
37649,1
37650,1
37651,2
37652,2
37653,2
37654,2
37656,2
37657,2
37658,1
37659,2
37660,2
37661,2
37662,2
37663,2
37665,2
37666,1
37667,2
37669,2
37670,2
37671,2
37672,2
37673,1
37675,3
37676,2
37677,2
37679,4
37682,0
37683,3
37684,1
37685,0
37686,0
37687,2
37689,1
37690,4
37691,2
37693,3
37694,2
37695,2
37696,1
37698,3
37699,0
37700,3
37701,2
37702,3
37703,1
37704,3
37706,2
37707,1
37708,2
37710,2
37711,2
37712,2
37713,2
37714,1
37715,1
37716,2
37717,0
37718,1
37720,3
37721,2
37723,2
37724,1
37725,2
37726,2
37727,1
37729,2
37732,2
37733,2
37735,3
37736,4
37738,1
37739,2
37740,1
37741,2
37742,2
37743,0
37745,2
37747,1
37749,3
37750,0
37751,0
37752,0
37754,1
37756,2
37757,1
37758,1
37760,0
37761,2
37762,0
37764,1
37765,2
37768,2
37769,1
37770,2
37771,2
37772,2
37773,2
37774,2
37775,4
37776,2
37777,2
37779,2
37780,1
37781,3
37782,2
37783,2
37784,3
37785,2
37786,2
37787,2
37788,2
37790,3
37791,2
37792,2
37793,2
37795,0
37796,2
37797,1
37798,3
37799,0
37802,1
37803,0
37806,2
37807,1
37808,3
37809,2
37810,2
37811,2
37812,2
37813,3
37816,1
37817,1
37818,3
37819,1
37821,2
37822,2
37823,2
37824,2
37826,1
37827,2
37828,1
37830,2
37831,2
37832,1
37833,2
37834,2
37835,3
37836,2
37838,4
37839,0
37840,0
37841,3
37842,2
37843,1
37844,1
37845,3
37846,2
37848,1
37849,3
37850,4
37851,2
37852,0
37853,2
37854,2
37855,1
37856,2
37857,2
37858,1
37859,1
37860,1
37861,1
37862,0
37863,2
37864,3
37865,0
37867,2
37868,4
37869,3
37870,2
37871,1
37872,2
37873,4
37874,2
37876,4
37877,4
37878,2
37879,0
37880,2
37881,1
37882,2
37884,3
37885,2
37886,2
37887,1
37888,1
37889,4
37890,0
37891,2
37893,3
37895,2
37897,2
37898,3
37899,2
37900,2
37901,2
37902,0
37903,2
37904,3
37905,2
37906,2
37907,4
37908,1
37909,1
37911,3
37912,1
37913,2
37915,2
37916,2
37917,2
37918,2
37919,1
37920,2
37921,1
37922,3
37923,4
37924,2
37925,1
37926,4
37928,2
37929,3
37930,2
37931,2
37932,4
37934,2
37935,3
37936,2
37937,2
37938,1
37940,1
37941,1
37942,1
37943,2
37944,2
37945,1
37946,2
37947,3
37948,1
37950,2
37952,3
37953,4
37954,1
37955,3
37956,3
37957,2
37958,2
37959,2
37961,3
37962,3
37963,1
37964,2
37965,1
37966,0
37967,1
37969,2
37970,1
37972,3
37973,2
37974,2
37975,2
37976,2
37977,4
37978,2
37979,3
37980,2
37981,1
37983,2
37984,2
37985,1
37986,0
37987,4
37989,2
37990,2
37991,1
37992,1
37993,3
37995,2
37996,2
37997,1
37998,2
37999,2
38001,2
38002,3
38003,2
38004,2
38005,2
38006,2
38007,0
38008,2
38009,2
38012,2
38013,1
38014,2
38016,0
38017,2
38018,0
38019,2
38020,0
38021,1
38022,3
38023,0
38024,0
38025,4
38026,0
38027,1
38028,2
38029,0
38031,2
38032,2
38033,1
38034,0
38035,2
38036,2
38037,2
38038,4
38040,1
38041,4
38042,4
38043,3
38044,2
38046,3
38048,2
38049,1
38050,1
38051,1
38052,1
38053,2
38055,1
38056,1
38057,0
38058,4
38059,2
38060,1
38061,2
38062,2
38065,0
38066,3
38067,2
38068,2
38070,1
38071,3
38073,2
38074,1
38076,2
38077,4
38078,2
38079,1
38080,2
38081,0
38082,4
38083,2
38085,3
38086,2
38087,2
38088,4
38089,2
38090,1
38091,2
38092,1
38093,2
38095,2
38096,2
38097,0
38098,2
38099,4
38100,2
38101,0
38102,4
38104,2
38105,2
38106,2
38108,0
38109,2
38110,2
38111,2
38112,0
38113,1
38114,3
38115,2
38116,1
38117,3
38118,3
38119,2
38121,3
38122,2
38124,1
38125,2
38126,2
38127,2
38128,1
38129,0
38130,1
38131,2
38132,3
38133,2
38134,1
38135,2
38136,1
38137,4
38138,4
38141,2
38142,1
38143,4
38144,2
38145,1
38146,3
38148,3
38149,0
38150,1
38151,3
38152,2
38153,2
38154,2
38155,3
38156,3
38157,2
38158,3
38160,2
38161,1
38162,1
38163,2
38164,1
38165,2
38166,2
38167,2
38168,2
38169,3
38170,0
38171,2
38173,0
38174,2
38176,2
38177,1
38179,1
38180,2
38181,4
38182,1
38183,1
38184,2
38185,0
38187,2
38188,2
38189,2
38190,3
38191,2
38192,2
38193,1
38195,2
38196,2
38197,2
38198,4
38199,1
38200,3
38201,0
38203,2
38204,1
38205,0
38206,1
38207,2
38208,1
38209,0
38210,1
38211,0
38212,2
38213,1
38215,3
38216,0
38217,0
38218,2
38219,1
38221,4
38222,1
38223,1
38224,4
38225,2
38227,1
38228,2
38230,3
38231,4
38232,2
38233,2
38234,3
38235,4
38236,2
38237,2
38238,2
38239,1
38241,1
38242,1
38243,1
38244,2
38245,2
38246,1
38248,2
38250,4
38251,2
38252,4
38255,0
38256,2
38257,2
38258,2
38259,2
38260,2
38261,2
38262,2
38263,1
38267,2
38268,2
38269,4
38270,2
38271,2
38273,2
38274,2
38275,2
38276,2
38277,2
38278,2
38280,3
38281,2
38282,2
38284,2
38285,0
38286,2
38288,3
38290,1
38294,2
38295,2
38297,2
38300,0
38301,2
38302,2
38303,4
38304,2
38305,1
38306,2
38307,1
38308,2
38309,4
38310,2
38311,2
38312,1
38313,1
38314,0
38315,2
38316,3
38317,3
38318,2
38319,4
38320,0
38321,4
38322,0
38323,0
38324,1
38325,4
38328,1
38329,2
38330,1
38331,2
38332,2
38333,2
38334,1
38335,2
38336,1
38337,2
38338,1
38339,3
38340,1
38342,3
38343,0
38344,0
38345,3
38346,4
38348,1
38349,1
38350,1
38351,0
38352,2
38353,2
38354,1
38355,2
38356,3
38357,2
38358,3
38359,1
38360,2
38361,2
38362,3
38363,1
38364,2
38365,3
38366,2
38367,1
38368,0
38369,2
38370,2
38371,2
38372,3
38373,1
38374,1
38376,3
38377,0
38378,2
38379,0
38380,2
38381,3
38382,2
38384,2
38385,0
38386,2
38388,2
38389,2
38390,2
38392,1
38393,4
38394,1
38395,0
38397,3
38398,2
38399,1
38400,2
38401,3
38402,2
38404,0
38405,2
38406,2
38407,1
38408,2
38409,0
38411,0
38414,1
38415,3
38416,3
38417,1
38418,1
38419,0
38420,2
38421,1
38422,0
38423,2
38424,1
38425,1
38426,1
38427,1
38429,1
38430,2
38431,2
38433,2
38434,0
38435,2
38436,2
38438,3
38440,1
38441,2
38442,2
38444,2
38445,0
38447,2
38448,1
38449,3
38450,1
38453,2
38454,2
38457,3
38459,0
38460,1
38461,4
38462,2
38463,1
38464,4
38465,2
38466,3
38467,1
38468,1
38470,2
38471,2
38473,2
38474,0
38476,4
38477,4
38478,4
38480,3
38481,2
38482,2
38484,0
38486,1
38487,3
38488,2
38489,2
38490,4
38492,1
38493,1
38494,1
38495,4
38497,1
38498,0
38499,2
38501,1
38502,2
38503,3
38504,2
38505,2
38506,2
38507,2
38508,1
38510,1
38511,2
38512,0
38513,2
38514,2
38516,2
38517,3
38518,2
38519,2
38520,4
38521,3
38522,2
38523,2
38524,4
38525,2
38526,1
38528,4
38529,2
38530,2
38531,1
38532,2
38533,3
38535,0
38536,2
38537,1
38538,2
38540,3
38541,1
38542,2
38543,2
38544,2
38545,2
38548,1
38550,2
38551,3
38552,2
38553,2
38554,2
38555,2
38556,2
38557,3
38558,1
38559,3
38560,4
38561,2
38562,4
38563,0
38564,1
38565,3
38566,2
38568,2
38569,2
38570,3
38571,2
38573,2
38574,2
38575,0
38576,3
38577,1
38578,2
38580,1
38581,2
38582,3
38583,2
38584,1
38585,2
38586,4
38587,1
38588,1
38589,0
38590,3
38591,3
38592,4
38593,2
38594,2
38595,2
38596,3
38597,2
38598,3
38600,1
38601,0
38602,0
38603,2
38606,0
38608,1
38609,1
38610,0
38611,2
38612,2
38613,2
38614,3
38615,1
38616,2
38617,1
38618,1
38619,0
38620,4
38622,0
38624,1
38625,2
38626,2
38627,2
38628,3
38629,3
38630,2
38631,3
38632,0
38633,2
38634,3
38635,1
38636,2
38637,4
38638,2
38639,2
38640,2
38642,3
38643,1
38644,1
38645,0
38646,4
38648,1
38649,0
38650,1
38652,1
38653,0
38654,1
38655,0
38656,0
38658,2
38659,2
38661,2
38662,2
38663,2
38664,2
38665,2
38666,2
38669,0
38670,1
38671,2
38673,3
38674,2
38675,0
38677,2
38678,2
38680,2
38681,1
38682,3
38683,0
38684,1
38685,2
38686,2
38687,1
38688,4
38689,2
38691,0
38692,1
38693,2
38694,3
38695,1
38696,2
38697,1
38698,0
38699,1
38700,0
38701,0
38702,1
38703,2
38704,2
38705,2
38706,3
38707,1
38708,0
38709,2
38710,2
38713,3
38714,4
38715,2
38716,2
38717,2
38718,1
38719,3
38721,2
38722,1
38725,2
38726,1
38727,3
38728,1
38729,0
38730,3
38731,1
38733,3
38734,2
38737,2
38738,2
38739,1
38741,2
38742,1
38743,4
38744,2
38745,4
38746,0
38747,3
38748,2
38749,1
38750,3
38751,0
38752,2
38753,0
38754,1
38755,0
38756,4
38757,2
38758,4
38759,2
38761,1
38762,2
38763,1
38764,2
38765,2
38766,1
38768,1
38769,1
38771,2
38772,1
38774,2
38775,1
38777,2
38778,3
38779,1
38780,0
38781,2
38782,1
38784,2
38786,4
38787,0
38788,2
38789,4
38791,1
38793,3
38794,2
38796,2
38797,1
38798,2
38799,3
38801,3
38802,1
38803,2
38804,0
38806,2
38807,2
38808,1
38811,1
38813,1
38814,2
38815,3
38818,2
38819,4
38820,2
38821,2
38822,2
38823,2
38824,3
38825,2
38826,2
38827,1
38828,4
38829,2
38830,4
38831,3
38833,0
38835,2
38836,3
38837,2
38839,2
38840,2
38841,1
38842,3
38843,2
38844,3
38845,2
38846,3
38848,2
38849,2
38851,3
38852,1
38853,1
38854,4
38855,2
38856,4
38857,2
38858,3
38860,3
38861,2
38863,1
38864,2
38867,2
38869,1
38870,1
38871,2
38872,2
38873,0
38874,2
38875,1
38876,2
38877,3
38878,3
38879,2
38880,2
38881,4
38882,1
38883,2
38884,0
38885,2
38887,3
38888,2
38889,2
38890,3
38891,2
38892,3
38893,2
38896,0
38897,2
38898,2
38899,2
38900,2
38901,2
38902,2
38903,3
38904,2
38905,3
38907,2
38910,2
38911,3
38912,2
38913,2
38914,1
38915,1
38916,2
38917,1
38918,1
38919,3
38920,2
38921,1
38923,0
38924,2
38926,2
38927,4
38928,3
38929,2
38930,1
38931,2
38933,0
38934,1
38935,2
38936,1
38937,1
38938,2
38939,2
38940,4
38941,3
38942,2
38943,2
38944,0
38946,3
38947,2
38949,1
38950,0
38951,2
38952,2
38954,1
38955,2
38956,2
38958,3
38959,2
38960,2
38961,2
38962,2
38963,1
38964,3
38965,2
38967,2
38968,1
38969,2
38970,3
38971,2
38972,2
38974,2
38975,1
38976,4
38977,2
38978,2
38979,0
38980,2
38981,2
38982,1
38983,1
38984,3
38985,4
38987,2
38988,2
38989,2
38990,3
38993,2
38995,3
38996,2
38997,2
38999,2
39000,2
39001,1
39002,2
39004,2
39005,1
39006,0
39007,3
39008,1
39009,4
39010,3
39011,1
39012,4
39013,1
39014,1
39015,2
39016,2
39017,1
39018,0
39019,2
39020,1
39021,1
39022,3
39023,1
39025,1
39026,1
39027,2
39028,2
39030,0
39031,1
39032,2
39033,2
39034,2
39035,2
39036,2
39037,0
39038,2
39039,2
39040,2
39041,3
39042,0
39043,1
39044,2
39045,3
39047,3
39048,2
39049,2
39050,2
39052,1
39053,4
39054,1
39055,2
39056,3
39058,3
39059,2
39060,4
39061,1
39062,2
39063,2
39065,1
39067,2
39068,2
39069,1
39071,2
39072,1
39074,2
39075,0
39076,1
39077,2
39078,1
39079,2
39080,2
39081,2
39082,2
39083,2
39084,2
39085,1
39086,2
39087,2
39088,2
39089,1
39091,0
39092,0
39094,0
39095,3
39096,3
39097,2
39099,2
39100,2
39101,2
39102,2
39103,3
39104,2
39105,0
39106,2
39107,4
39108,3
39109,2
39110,4
39111,2
39112,0
39113,1
39114,3
39115,4
39116,1
39117,2
39119,2
39120,2
39122,0
39123,4
39125,0
39126,3
39128,1
39129,3
39130,2
39131,1
39132,2
39133,2
39134,4
39135,0
39136,1
39138,2
39139,2
39140,3
39141,0
39142,2
39144,1
39145,1
39146,1
39147,2
39149,2
39150,2
39151,2
39152,1
39153,2
39154,3
39155,2
39156,2
39157,1
39158,3
39159,2
39161,2
39162,2
39163,2
39164,4
39165,2
39166,2
39168,0
39170,3
39173,2
39174,2
39175,1
39176,0
39177,0
39178,0
39180,1
39181,4
39184,2
39185,2
39186,0
39187,4
39188,2
39190,3
39191,2
39192,2
39193,2
39194,4
39195,1
39196,3
39197,0
39198,3
39199,1
39200,3
39201,1
39202,2
39203,3
39204,3
39205,2
39206,2
39207,1
39208,2
39209,0
39210,1
39211,2
39212,3
39213,0
39214,1
39215,2
39216,1
39218,2
39219,2
39220,2
39221,4
39222,2
39223,2
39224,1
39226,2
39227,1
39229,4
39230,2
39231,2
39232,2
39234,2
39236,1
39238,1
39239,2
39241,2
39242,2
39243,0
39244,0
39245,2
39246,1
39247,1
39249,2
39251,0
39252,1
39255,2
39257,2
39258,2
39259,2
39260,1
39261,1
39262,1
39264,1
39265,1
39266,2
39267,2
39268,2
39269,2
39271,2
39274,1
39275,2
39276,1
39277,4
39278,1
39279,0
39280,2
39281,2
39282,2
39283,0
39285,2
39286,0
39287,3
39288,2
39289,3
39290,4
39291,3
39292,1
39295,2
39296,1
39297,3
39298,1
39299,4
39301,2
39302,2
39304,2
39305,2
39306,2
39307,1
39308,4
39309,2
39310,3
39311,0
39312,2
39313,2
39314,1
39315,2
39317,3
39318,0
39320,0
39321,0
39322,1
39323,2
39324,1
39325,3
39326,2
39327,1
39328,2
39329,4
39330,2
39332,2
39333,1
39334,3
39335,3
39336,2
39337,0
39338,0
39339,0
39340,2
39343,1
39344,2
39345,2
39346,4
39347,1
39348,2
39349,2
39350,1
39351,1
39352,4
39353,1
39354,2
39355,1
39356,2
39357,2
39358,3
39359,2
39360,2
39361,3
39363,3
39364,2
39365,0
39366,1
39368,2
39369,0
39370,0
39371,1
39372,1
39373,1
39374,4
39375,0
39378,1
39379,2
39381,2
39382,2
39383,4
39384,1
39385,1
39386,3
39387,2
39388,3
39390,3
39391,2
39392,0
39394,1
39395,3
39396,2
39397,1
39398,2
39400,2
39401,2
39402,3
39404,1
39405,3
39406,2
39407,3
39408,2
39409,2
39412,3
39413,1
39414,0
39415,3
39416,0
39417,2
39418,3
39419,3
39420,1
39423,2
39424,0
39425,3
39426,1
39427,4
39428,1
39429,1
39430,2
39431,2
39433,1
39435,2
39436,2
39437,0
39439,1
39440,1
39442,3
39443,3
39445,4
39447,3
39448,2
39449,1
39450,0
39451,4
39452,0
39453,2
39454,1
39456,2
39458,0
39459,2
39460,2
39461,2
39462,4
39463,4
39464,1
39465,2
39466,1
39468,1
39470,2
39472,2
39473,4
39474,3
39475,2
39476,2
39477,3
39478,3
39479,4
39480,2
39481,1
39482,3
39484,2
39485,2
39486,3
39487,2
39488,2
39489,2
39490,2
39491,4
39492,3
39493,1
39494,1
39497,4
39498,3
39499,0
39500,2
39501,0
39502,2
39503,1
39504,2
39505,4
39506,1
39507,4
39511,2
39512,0
39513,1
39514,1
39515,4
39516,1
39517,3
39518,2
39519,3
39520,2
39521,2
39523,0
39524,2
39525,2
39526,2
39527,2
39528,2
39529,2
39531,3
39532,1
39533,3
39534,0
39535,2
39536,4
39537,2
39538,3
39539,2
39542,2
39543,1
39544,2
39545,2
39546,3
39548,2
39549,2
39550,1
39551,2
39552,2
39553,1
39554,0
39555,2
39559,3
39560,2
39561,2
39562,1
39563,4
39565,2
39567,2
39568,1
39569,2
39570,4
39571,4
39572,2
39573,1
39574,1
39575,2
39576,2
39578,2
39579,2
39581,0
39582,3
39583,2
39585,2
39587,3
39588,2
39589,4
39590,3
39591,4
39592,2
39593,3
39594,3
39595,1
39596,3
39598,4
39600,2
39603,2
39604,0
39607,2
39608,2
39609,3
39610,2
39611,4
39614,2
39615,2
39617,1
39618,3
39620,0
39621,4
39622,2
39623,2
39624,2
39625,0
39627,3
39628,3
39629,2
39631,1
39632,2
39633,4
39636,1
39637,2
39639,2
39640,4
39641,3
39643,3
39644,3
39645,3
39646,2
39647,4
39648,3
39649,3
39651,2
39652,2
39653,2
39654,2
39656,1
39658,3
39659,2
39660,3
39662,1
39663,3
39664,3
39665,2
39666,2
39667,2
39668,3
39669,2
39670,2
39672,3
39673,0
39674,0
39675,3
39677,3
39678,2
39679,2
39680,2
39681,2
39682,3
39683,3
39684,2
39685,2
39686,4
39687,2
39689,2
39690,3
39691,4
39692,3
39693,1
39694,2
39695,1
39696,4
39697,0
39698,2
39699,2
39700,1
39701,2
39702,0
39703,2
39705,2
39706,1
39707,1
39708,1
39710,2
39711,2
39713,3
39714,1
39715,4
39717,2
39718,2
39719,2
39721,1
39722,2
39723,1
39726,2
39727,1
39729,2
39730,0
39731,3
39732,1
39733,2
39735,2
39736,2
39737,3
39738,2
39739,2
39740,1
39741,2
39742,3
39743,2
39744,1
39745,3
39746,0
39747,1
39748,3
39750,1
39751,1
39752,4
39753,2
39755,1
39756,2
39757,2
39758,1
39759,0
39760,0
39761,1
39762,2
39763,1
39764,2
39765,2
39766,1
39767,2
39768,2
39770,1
39771,1
39772,1
39773,4
39774,2
39775,2
39777,0
39778,4
39779,2
39780,2
39781,2
39782,4
39784,4
39785,2
39786,4
39787,1
39788,2
39789,2
39791,1
39793,2
39796,2
39797,1
39798,0
39799,1
39800,2
39801,3
39804,3
39805,2
39806,0
39807,3
39808,3
39809,0
39810,2
39811,0
39812,2
39814,2
39815,2
39817,2
39818,4
39819,1
39820,4
39823,0
39824,2
39825,4
39826,3
39827,1
39828,2
39829,2
39830,2
39831,0
39832,4
39833,2
39834,1
39835,2
39836,2
39837,3
39838,2
39839,2
39840,2
39841,0
39842,2
39843,1
39844,1
39845,0
39846,3
39848,2
39850,0
39851,1
39852,2
39853,0
39854,2
39855,2
39856,2
39857,2
39858,0
39859,3
39860,2
39862,3
39863,2
39864,2
39865,0
39866,2
39867,2
39868,2
39869,1
39870,1
39871,1
39872,2
39874,2
39875,2
39877,2
39878,2
39879,2
39880,1
39881,2
39882,3
39883,2
39884,3
39885,1
39886,1
39887,2
39889,2
39890,2
39891,1
39892,2
39893,3
39894,3
39895,4
39896,1
39897,2
39898,4
39899,3
39900,3
39901,1
39902,2
39903,0
39904,1
39905,2
39907,4
39908,2
39909,1
39910,3
39911,2
39913,2
39914,2
39915,1
39916,4
39917,1
39918,3
39919,1
39920,2
39922,1
39923,3
39924,3
39925,0
39926,0
39927,1
39928,2
39929,2
39930,2
39932,3
39933,1
39934,2
39938,4
39939,1
39940,0
39941,0
39942,1
39943,2
39944,1
39945,2
39946,2
39947,4
39948,2
39949,3
39950,2
39952,0
39954,1
39956,2
39957,3
39959,2
39960,2
39962,2
39963,2
39964,2
39965,1
39966,0
39967,2
39968,1
39970,2
39971,1
39972,2
39974,2
39975,4
39976,0
39977,0
39978,2
39979,2
39980,1
39981,4
39982,1
39983,4
39984,2
39985,1
39988,2
39989,2
39990,1
39991,1
39992,2
39994,3
39996,0
39997,0
39998,1
39999,2
40000,2
